CREATE TABLE `mxmodelreflection$mxobjectreference` (
	`id` BIGINT NOT NULL,
	`changeddate` DATETIME NULL,
	`createddate` DATETIME NULL,
	`associationowner` NVARCHAR(8) NULL,
	`parententity` NVARCHAR(200) NULL,
	`completename` NVARCHAR(200) NULL,
	`module` NVARCHAR(200) NULL,
	`referencetype` NVARCHAR(12) NULL,
	`name` NVARCHAR(200) NULL,
	`readablename` NVARCHAR(200) NULL,
	`system$changedby` BIGINT NULL,
	`system$owner` BIGINT NULL,
	PRIMARY KEY(`id`));
CREATE INDEX `idx_mxmodelreflection$mxobjectreference_system$changedby` ON `mxmodelreflection$mxobjectreference` (`system$changedby`,`id`);
CREATE INDEX `idx_mxmodelreflection$mxobjectreference_system$owner` ON `mxmodelreflection$mxobjectreference` (`system$owner`,`id`);
INSERT INTO `mendixsystem$entity` (`id`, 
`entity_name`, 
`table_name`)
 VALUES ('af3795e1-6a06-46c1-b145-61c94ac140e6', 
'MxModelReflection.MxObjectReference', 
'mxmodelreflection$mxobjectreference');
INSERT INTO `mendixsystem$attribute` (`id`, 
`entity_id`, 
`attribute_name`, 
`column_name`, 
`type`, 
`length`, 
`default_value`, 
`is_auto_number`)
 VALUES ('c6228fb9-f033-37bf-9029-2cf5f3171b69', 
'af3795e1-6a06-46c1-b145-61c94ac140e6', 
'changedDate', 
'changeddate', 
20, 
0, 
'', 
FALSE);
INSERT INTO `mendixsystem$attribute` (`id`, 
`entity_id`, 
`attribute_name`, 
`column_name`, 
`type`, 
`length`, 
`default_value`, 
`is_auto_number`)
 VALUES ('90a4bf9a-c59e-32de-a470-b9ab2ef1024c', 
'af3795e1-6a06-46c1-b145-61c94ac140e6', 
'createdDate', 
'createddate', 
20, 
0, 
'', 
FALSE);
INSERT INTO `mendixsystem$attribute` (`id`, 
`entity_id`, 
`attribute_name`, 
`column_name`, 
`type`, 
`length`, 
`default_value`, 
`is_auto_number`)
 VALUES ('97fff08c-9c8d-4410-8b98-76d2d66bd5f3', 
'af3795e1-6a06-46c1-b145-61c94ac140e6', 
'AssociationOwner', 
'associationowner', 
40, 
8, 
'_Default', 
FALSE);
INSERT INTO `mendixsystem$attribute` (`id`, 
`entity_id`, 
`attribute_name`, 
`column_name`, 
`type`, 
`length`, 
`default_value`, 
`is_auto_number`)
 VALUES ('cb649099-439c-4379-b107-21350f656057', 
'af3795e1-6a06-46c1-b145-61c94ac140e6', 
'ParentEntity', 
'parententity', 
30, 
200, 
'', 
FALSE);
INSERT INTO `mendixsystem$attribute` (`id`, 
`entity_id`, 
`attribute_name`, 
`column_name`, 
`type`, 
`length`, 
`default_value`, 
`is_auto_number`)
 VALUES ('dd662009-f4b1-43a6-abd4-7904deb1a263', 
'af3795e1-6a06-46c1-b145-61c94ac140e6', 
'CompleteName', 
'completename', 
30, 
200, 
'', 
FALSE);
INSERT INTO `mendixsystem$attribute` (`id`, 
`entity_id`, 
`attribute_name`, 
`column_name`, 
`type`, 
`length`, 
`default_value`, 
`is_auto_number`)
 VALUES ('e69a3555-b0cd-4ca6-86da-7aef6e58ac61', 
'af3795e1-6a06-46c1-b145-61c94ac140e6', 
'Module', 
'module', 
30, 
200, 
'', 
FALSE);
INSERT INTO `mendixsystem$attribute` (`id`, 
`entity_id`, 
`attribute_name`, 
`column_name`, 
`type`, 
`length`, 
`default_value`, 
`is_auto_number`)
 VALUES ('9609cd93-38b5-4e55-ad2b-20a05966152e', 
'af3795e1-6a06-46c1-b145-61c94ac140e6', 
'ReferenceType', 
'referencetype', 
40, 
12, 
'', 
FALSE);
INSERT INTO `mendixsystem$attribute` (`id`, 
`entity_id`, 
`attribute_name`, 
`column_name`, 
`type`, 
`length`, 
`default_value`, 
`is_auto_number`)
 VALUES ('e95ec59e-aad1-497e-8817-ca811e866472', 
'af3795e1-6a06-46c1-b145-61c94ac140e6', 
'Name', 
'name', 
30, 
200, 
'', 
FALSE);
INSERT INTO `mendixsystem$attribute` (`id`, 
`entity_id`, 
`attribute_name`, 
`column_name`, 
`type`, 
`length`, 
`default_value`, 
`is_auto_number`)
 VALUES ('707b5d75-ab2c-42c6-8daf-de7c199e855e', 
'af3795e1-6a06-46c1-b145-61c94ac140e6', 
'ReadableName', 
'readablename', 
30, 
200, 
'', 
FALSE);
INSERT INTO `mendixsystem$index` (`id`, 
`table_id`, 
`index_name`)
 VALUES ('a4e32aa1-a431-33bb-8842-359766c8a212', 
'af3795e1-6a06-46c1-b145-61c94ac140e6', 
'idx_mxmodelreflection$mxobjectreference_system$changedby');
INSERT INTO `mendixsystem$index_column` (`index_id`, 
`column_id`, 
`sort_order`, 
`ordinal`)
 VALUES ('a4e32aa1-a431-33bb-8842-359766c8a212', 
'b84d092a-915e-3dac-96b1-899741e99e38', 
FALSE, 
0);
INSERT INTO `mendixsystem$index` (`id`, 
`table_id`, 
`index_name`)
 VALUES ('ef21a592-9c7a-39c0-b4df-e04a260beae2', 
'af3795e1-6a06-46c1-b145-61c94ac140e6', 
'idx_mxmodelreflection$mxobjectreference_system$owner');
INSERT INTO `mendixsystem$index_column` (`index_id`, 
`column_id`, 
`sort_order`, 
`ordinal`)
 VALUES ('ef21a592-9c7a-39c0-b4df-e04a260beae2', 
'1be97721-b81c-3ed0-b9e3-fda6c41e5528', 
FALSE, 
0);
INSERT INTO `mendixsystem$association` (`id`, 
`association_name`, 
`table_name`, 
`parent_entity_id`, 
`child_entity_id`, 
`parent_column_name`, 
`child_column_name`)
 VALUES ('b84d092a-915e-3dac-96b1-899741e99e38', 
'System.changedBy', 
'system$changedby', 
'af3795e1-6a06-46c1-b145-61c94ac140e6', 
'282e2e60-88a5-469d-84a5-ba8d9151644f', 
'id', 
'system$changedby');
INSERT INTO `mendixsystem$association` (`id`, 
`association_name`, 
`table_name`, 
`parent_entity_id`, 
`child_entity_id`, 
`parent_column_name`, 
`child_column_name`)
 VALUES ('1be97721-b81c-3ed0-b9e3-fda6c41e5528', 
'System.owner', 
'system$owner', 
'af3795e1-6a06-46c1-b145-61c94ac140e6', 
'282e2e60-88a5-469d-84a5-ba8d9151644f', 
'id', 
'system$owner');
CREATE TABLE `mxmodelreflection$mxobjectreference_mxobjecttype` (
	`mxmodelreflection$mxobjectreferenceid` BIGINT NOT NULL,
	`mxmodelreflection$mxobjecttypeid` BIGINT NOT NULL,
	PRIMARY KEY(`mxmodelreflection$mxobjectreferenceid`,`mxmodelreflection$mxobjecttypeid`));
CREATE INDEX `idx_mxmodelreflection$mxobjectreference_mxobjecttype` ON `mxmodelreflection$mxobjectreference_mxobjecttype` (`mxmodelreflection$mxobjecttypeid`,`mxmodelreflection$mxobjectreferenceid`);
INSERT INTO `mendixsystem$association` (`id`, 
`association_name`, 
`table_name`, 
`parent_entity_id`, 
`child_entity_id`, 
`parent_column_name`, 
`child_column_name`, 
`index_name`)
 VALUES ('7c63f4bb-3478-43ab-bc43-c32051e82ab0', 
'MxModelReflection.MxObjectReference_MxObjectType', 
'mxmodelreflection$mxobjectreference_mxobjecttype', 
'af3795e1-6a06-46c1-b145-61c94ac140e6', 
'3a63aadf-1fcc-48d3-bc92-97409552c7a0', 
'mxmodelreflection$mxobjectreferenceid', 
'mxmodelreflection$mxobjecttypeid', 
'idx_mxmodelreflection$mxobjectreference_mxobjecttype');
CREATE TABLE `mxmodelreflection$mxobjectreference_module` (
	`mxmodelreflection$mxobjectreferenceid` BIGINT NOT NULL,
	`mxmodelreflection$moduleid` BIGINT NOT NULL,
	PRIMARY KEY(`mxmodelreflection$mxobjectreferenceid`,`mxmodelreflection$moduleid`),
	CONSTRAINT `uniq_mxmodelrefle$mxobjectrefe_modul_mxmodelreflec$mxobjectrefer` UNIQUE (`mxmodelreflection$mxobjectreferenceid`));
CREATE INDEX `idx_mxmodelreflection$mxobjectreference_module` ON `mxmodelreflection$mxobjectreference_module` (`mxmodelreflection$moduleid`,`mxmodelreflection$mxobjectreferenceid`);
INSERT INTO `mendixsystem$association` (`id`, 
`association_name`, 
`table_name`, 
`parent_entity_id`, 
`child_entity_id`, 
`parent_column_name`, 
`child_column_name`, 
`index_name`)
 VALUES ('c1059477-2fb3-4f1b-9b62-7e8792835e97', 
'MxModelReflection.MxObjectReference_Module', 
'mxmodelreflection$mxobjectreference_module', 
'af3795e1-6a06-46c1-b145-61c94ac140e6', 
'cb86f0bf-a03a-4978-887c-bde9ea247fea', 
'mxmodelreflection$mxobjectreferenceid', 
'mxmodelreflection$moduleid', 
'idx_mxmodelreflection$mxobjectreference_module');
INSERT INTO `mendixsystem$unique_constraint` (`name`, 
`table_id`, 
`column_id`)
 VALUES ('uniq_mxmodelrefle$mxobjectrefe_modul_mxmodelreflec$mxobjectrefer', 
'c1059477-2fb3-4f1b-9b62-7e8792835e97', 
'2c8f4fc9-39bc-36ae-ae45-f7ee4a15c59e');
CREATE TABLE `mxmodelreflection$mxobjectreference_mxobjecttype_child` (
	`mxmodelreflection$mxobjectreferenceid` BIGINT NOT NULL,
	`mxmodelreflection$mxobjecttypeid` BIGINT NOT NULL,
	PRIMARY KEY(`mxmodelreflection$mxobjectreferenceid`,`mxmodelreflection$mxobjecttypeid`));
CREATE INDEX `idx_mxmodelreflection$mxobjectreference_mxobjecttype_child` ON `mxmodelreflection$mxobjectreference_mxobjecttype_child` (`mxmodelreflection$mxobjecttypeid`,`mxmodelreflection$mxobjectreferenceid`);
INSERT INTO `mendixsystem$association` (`id`, 
`association_name`, 
`table_name`, 
`parent_entity_id`, 
`child_entity_id`, 
`parent_column_name`, 
`child_column_name`, 
`index_name`)
 VALUES ('031a3169-9103-4c39-8609-02e9c11ad1d1', 
'MxModelReflection.MxObjectReference_MxObjectType_Child', 
'mxmodelreflection$mxobjectreference_mxobjecttype_child', 
'af3795e1-6a06-46c1-b145-61c94ac140e6', 
'3a63aadf-1fcc-48d3-bc92-97409552c7a0', 
'mxmodelreflection$mxobjectreferenceid', 
'mxmodelreflection$mxobjecttypeid', 
'idx_mxmodelreflection$mxobjectreference_mxobjecttype_child');
CREATE TABLE `mxmodelreflection$mxobjectreference_mxobjecttype_parent` (
	`mxmodelreflection$mxobjectreferenceid` BIGINT NOT NULL,
	`mxmodelreflection$mxobjecttypeid` BIGINT NOT NULL,
	PRIMARY KEY(`mxmodelreflection$mxobjectreferenceid`,`mxmodelreflection$mxobjecttypeid`));
CREATE INDEX `idx_mxmodelreflection$mxobjectreference_mxobjecttype_parent` ON `mxmodelreflection$mxobjectreference_mxobjecttype_parent` (`mxmodelreflection$mxobjecttypeid`,`mxmodelreflection$mxobjectreferenceid`);
INSERT INTO `mendixsystem$association` (`id`, 
`association_name`, 
`table_name`, 
`parent_entity_id`, 
`child_entity_id`, 
`parent_column_name`, 
`child_column_name`, 
`index_name`)
 VALUES ('3a226ad8-e343-4b78-a3e6-6dcf97b9858c', 
'MxModelReflection.MxObjectReference_MxObjectType_Parent', 
'mxmodelreflection$mxobjectreference_mxobjecttype_parent', 
'af3795e1-6a06-46c1-b145-61c94ac140e6', 
'3a63aadf-1fcc-48d3-bc92-97409552c7a0', 
'mxmodelreflection$mxobjectreferenceid', 
'mxmodelreflection$mxobjecttypeid', 
'idx_mxmodelreflection$mxobjectreference_mxobjecttype_parent');
CREATE TABLE `mxmodelreflection$valuetype` (
	`id` BIGINT NOT NULL,
	`changeddate` DATETIME NULL,
	`createddate` DATETIME NULL,
	`typeenum` NVARCHAR(11) NULL,
	`name` NVARCHAR(200) NULL,
	`system$changedby` BIGINT NULL,
	`system$owner` BIGINT NULL,
	PRIMARY KEY(`id`));
CREATE INDEX `idx_mxmodelreflection$valuetype_system$changedby` ON `mxmodelreflection$valuetype` (`system$changedby`,`id`);
CREATE INDEX `idx_mxmodelreflection$valuetype_system$owner` ON `mxmodelreflection$valuetype` (`system$owner`,`id`);
INSERT INTO `mendixsystem$entity` (`id`, 
`entity_name`, 
`table_name`)
 VALUES ('0429f7a8-8be9-4875-992c-9dc5278905a4', 
'MxModelReflection.ValueType', 
'mxmodelreflection$valuetype');
INSERT INTO `mendixsystem$attribute` (`id`, 
`entity_id`, 
`attribute_name`, 
`column_name`, 
`type`, 
`length`, 
`default_value`, 
`is_auto_number`)
 VALUES ('baf12f15-6136-359a-87f8-74716060ab4d', 
'0429f7a8-8be9-4875-992c-9dc5278905a4', 
'changedDate', 
'changeddate', 
20, 
0, 
'', 
FALSE);
INSERT INTO `mendixsystem$attribute` (`id`, 
`entity_id`, 
`attribute_name`, 
`column_name`, 
`type`, 
`length`, 
`default_value`, 
`is_auto_number`)
 VALUES ('701aea39-f6cc-3035-8c3b-2310ba70ad20', 
'0429f7a8-8be9-4875-992c-9dc5278905a4', 
'createdDate', 
'createddate', 
20, 
0, 
'', 
FALSE);
INSERT INTO `mendixsystem$attribute` (`id`, 
`entity_id`, 
`attribute_name`, 
`column_name`, 
`type`, 
`length`, 
`default_value`, 
`is_auto_number`)
 VALUES ('a6516872-2e71-49ab-ac69-5ab57410dc07', 
'0429f7a8-8be9-4875-992c-9dc5278905a4', 
'TypeEnum', 
'typeenum', 
40, 
11, 
'', 
FALSE);
INSERT INTO `mendixsystem$attribute` (`id`, 
`entity_id`, 
`attribute_name`, 
`column_name`, 
`type`, 
`length`, 
`default_value`, 
`is_auto_number`)
 VALUES ('05581016-7ec6-4878-83ed-76964b180ea1', 
'0429f7a8-8be9-4875-992c-9dc5278905a4', 
'Name', 
'name', 
30, 
200, 
'', 
FALSE);
INSERT INTO `mendixsystem$index` (`id`, 
`table_id`, 
`index_name`)
 VALUES ('5b4959d3-c638-3b07-aff9-d5d6f1d72cf9', 
'0429f7a8-8be9-4875-992c-9dc5278905a4', 
'idx_mxmodelreflection$valuetype_system$changedby');
INSERT INTO `mendixsystem$index_column` (`index_id`, 
`column_id`, 
`sort_order`, 
`ordinal`)
 VALUES ('5b4959d3-c638-3b07-aff9-d5d6f1d72cf9', 
'60e2e7e7-b4a0-3d3c-984b-f5778e96955d', 
FALSE, 
0);
INSERT INTO `mendixsystem$index` (`id`, 
`table_id`, 
`index_name`)
 VALUES ('ba9031ac-97f6-3420-b839-b47e215618fa', 
'0429f7a8-8be9-4875-992c-9dc5278905a4', 
'idx_mxmodelreflection$valuetype_system$owner');
INSERT INTO `mendixsystem$index_column` (`index_id`, 
`column_id`, 
`sort_order`, 
`ordinal`)
 VALUES ('ba9031ac-97f6-3420-b839-b47e215618fa', 
'e89e93fb-4355-3f64-8ca6-63f1829b3ac7', 
FALSE, 
0);
INSERT INTO `mendixsystem$association` (`id`, 
`association_name`, 
`table_name`, 
`parent_entity_id`, 
`child_entity_id`, 
`parent_column_name`, 
`child_column_name`)
 VALUES ('60e2e7e7-b4a0-3d3c-984b-f5778e96955d', 
'System.changedBy', 
'system$changedby', 
'0429f7a8-8be9-4875-992c-9dc5278905a4', 
'282e2e60-88a5-469d-84a5-ba8d9151644f', 
'id', 
'system$changedby');
INSERT INTO `mendixsystem$association` (`id`, 
`association_name`, 
`table_name`, 
`parent_entity_id`, 
`child_entity_id`, 
`parent_column_name`, 
`child_column_name`)
 VALUES ('e89e93fb-4355-3f64-8ca6-63f1829b3ac7', 
'System.owner', 
'system$owner', 
'0429f7a8-8be9-4875-992c-9dc5278905a4', 
'282e2e60-88a5-469d-84a5-ba8d9151644f', 
'id', 
'system$owner');
CREATE TABLE `mxmodelreflection$valuetype_mxobjecttype` (
	`mxmodelreflection$valuetypeid` BIGINT NOT NULL,
	`mxmodelreflection$mxobjecttypeid` BIGINT NOT NULL,
	PRIMARY KEY(`mxmodelreflection$valuetypeid`,`mxmodelreflection$mxobjecttypeid`),
	CONSTRAINT `uniq_mxmodelreflect$valuetyp_mxobjectty_mxmodelreflect$valuetype` UNIQUE (`mxmodelreflection$valuetypeid`));
CREATE INDEX `idx_mxmodelreflection$valuetype_mxobjecttype` ON `mxmodelreflection$valuetype_mxobjecttype` (`mxmodelreflection$mxobjecttypeid`,`mxmodelreflection$valuetypeid`);
INSERT INTO `mendixsystem$association` (`id`, 
`association_name`, 
`table_name`, 
`parent_entity_id`, 
`child_entity_id`, 
`parent_column_name`, 
`child_column_name`, 
`index_name`)
 VALUES ('d13fa8ac-be49-4751-8447-386ecd7964c3', 
'MxModelReflection.ValueType_MxObjectType', 
'mxmodelreflection$valuetype_mxobjecttype', 
'0429f7a8-8be9-4875-992c-9dc5278905a4', 
'3a63aadf-1fcc-48d3-bc92-97409552c7a0', 
'mxmodelreflection$valuetypeid', 
'mxmodelreflection$mxobjecttypeid', 
'idx_mxmodelreflection$valuetype_mxobjecttype');
INSERT INTO `mendixsystem$unique_constraint` (`name`, 
`table_id`, 
`column_id`)
 VALUES ('uniq_mxmodelreflect$valuetyp_mxobjectty_mxmodelreflect$valuetype', 
'd13fa8ac-be49-4751-8447-386ecd7964c3', 
'a98a30d6-d891-3cf6-8966-6ec04ceedff6');
CREATE TABLE `mxmodelreflection$microflows` (
	`id` BIGINT NOT NULL,
	`changeddate` DATETIME NULL,
	`createddate` DATETIME NULL,
	`module` NVARCHAR(200) NULL,
	`completename` NVARCHAR(200) NULL,
	`name` NVARCHAR(200) NULL,
	`system$changedby` BIGINT NULL,
	`system$owner` BIGINT NULL,
	PRIMARY KEY(`id`));
CREATE INDEX `idx_mxmodelreflection$microflows_system$changedby` ON `mxmodelreflection$microflows` (`system$changedby`,`id`);
CREATE INDEX `idx_mxmodelreflection$microflows_system$owner` ON `mxmodelreflection$microflows` (`system$owner`,`id`);
INSERT INTO `mendixsystem$entity` (`id`, 
`entity_name`, 
`table_name`)
 VALUES ('988302e3-50a7-4415-83cb-6bf8c1b8de62', 
'MxModelReflection.Microflows', 
'mxmodelreflection$microflows');
INSERT INTO `mendixsystem$attribute` (`id`, 
`entity_id`, 
`attribute_name`, 
`column_name`, 
`type`, 
`length`, 
`default_value`, 
`is_auto_number`)
 VALUES ('75f415ea-51c7-36fa-8223-bae3a993bdda', 
'988302e3-50a7-4415-83cb-6bf8c1b8de62', 
'changedDate', 
'changeddate', 
20, 
0, 
'', 
FALSE);
INSERT INTO `mendixsystem$attribute` (`id`, 
`entity_id`, 
`attribute_name`, 
`column_name`, 
`type`, 
`length`, 
`default_value`, 
`is_auto_number`)
 VALUES ('fd64d980-ed39-31f5-ade3-5ada68d96cb1', 
'988302e3-50a7-4415-83cb-6bf8c1b8de62', 
'createdDate', 
'createddate', 
20, 
0, 
'', 
FALSE);
INSERT INTO `mendixsystem$attribute` (`id`, 
`entity_id`, 
`attribute_name`, 
`column_name`, 
`type`, 
`length`, 
`default_value`, 
`is_auto_number`)
 VALUES ('64dd1531-3690-4bc9-af3e-f6b85167748c', 
'988302e3-50a7-4415-83cb-6bf8c1b8de62', 
'Module', 
'module', 
30, 
200, 
'', 
FALSE);
INSERT INTO `mendixsystem$attribute` (`id`, 
`entity_id`, 
`attribute_name`, 
`column_name`, 
`type`, 
`length`, 
`default_value`, 
`is_auto_number`)
 VALUES ('a3bfaf2d-6f84-40ba-8016-465018eebb75', 
'988302e3-50a7-4415-83cb-6bf8c1b8de62', 
'CompleteName', 
'completename', 
30, 
200, 
'', 
FALSE);
INSERT INTO `mendixsystem$attribute` (`id`, 
`entity_id`, 
`attribute_name`, 
`column_name`, 
`type`, 
`length`, 
`default_value`, 
`is_auto_number`)
 VALUES ('ca0f26e7-9698-473f-9775-66b8b7cf0a8a', 
'988302e3-50a7-4415-83cb-6bf8c1b8de62', 
'Name', 
'name', 
30, 
200, 
'', 
FALSE);
INSERT INTO `mendixsystem$index` (`id`, 
`table_id`, 
`index_name`)
 VALUES ('20209d49-ce35-38ab-bb88-a777884c78ca', 
'988302e3-50a7-4415-83cb-6bf8c1b8de62', 
'idx_mxmodelreflection$microflows_system$changedby');
INSERT INTO `mendixsystem$index_column` (`index_id`, 
`column_id`, 
`sort_order`, 
`ordinal`)
 VALUES ('20209d49-ce35-38ab-bb88-a777884c78ca', 
'6cf94ee3-0774-346d-9e43-a9564bb3a8c2', 
FALSE, 
0);
INSERT INTO `mendixsystem$index` (`id`, 
`table_id`, 
`index_name`)
 VALUES ('a763fda2-a400-3169-a541-11190bf01493', 
'988302e3-50a7-4415-83cb-6bf8c1b8de62', 
'idx_mxmodelreflection$microflows_system$owner');
INSERT INTO `mendixsystem$index_column` (`index_id`, 
`column_id`, 
`sort_order`, 
`ordinal`)
 VALUES ('a763fda2-a400-3169-a541-11190bf01493', 
'86d1657a-551b-338d-be0c-1d7a2c53e3f2', 
FALSE, 
0);
INSERT INTO `mendixsystem$association` (`id`, 
`association_name`, 
`table_name`, 
`parent_entity_id`, 
`child_entity_id`, 
`parent_column_name`, 
`child_column_name`)
 VALUES ('6cf94ee3-0774-346d-9e43-a9564bb3a8c2', 
'System.changedBy', 
'system$changedby', 
'988302e3-50a7-4415-83cb-6bf8c1b8de62', 
'282e2e60-88a5-469d-84a5-ba8d9151644f', 
'id', 
'system$changedby');
INSERT INTO `mendixsystem$association` (`id`, 
`association_name`, 
`table_name`, 
`parent_entity_id`, 
`child_entity_id`, 
`parent_column_name`, 
`child_column_name`)
 VALUES ('86d1657a-551b-338d-be0c-1d7a2c53e3f2', 
'System.owner', 
'system$owner', 
'988302e3-50a7-4415-83cb-6bf8c1b8de62', 
'282e2e60-88a5-469d-84a5-ba8d9151644f', 
'id', 
'system$owner');
CREATE TABLE `mxmodelreflection$microflows_output_type` (
	`mxmodelreflection$microflowsid` BIGINT NOT NULL,
	`mxmodelreflection$valuetypeid` BIGINT NOT NULL,
	PRIMARY KEY(`mxmodelreflection$microflowsid`,`mxmodelreflection$valuetypeid`),
	CONSTRAINT `uniq_mxmodelreflec$microflow_outpu_type_mxmodelreflec$microflows` UNIQUE (`mxmodelreflection$microflowsid`));
CREATE INDEX `idx_mxmodelreflection$microflows_output_type` ON `mxmodelreflection$microflows_output_type` (`mxmodelreflection$valuetypeid`,`mxmodelreflection$microflowsid`);
INSERT INTO `mendixsystem$association` (`id`, 
`association_name`, 
`table_name`, 
`parent_entity_id`, 
`child_entity_id`, 
`parent_column_name`, 
`child_column_name`, 
`index_name`)
 VALUES ('92ceaa85-d3d6-4561-89f0-895df81d04cc', 
'MxModelReflection.Microflows_Output_Type', 
'mxmodelreflection$microflows_output_type', 
'988302e3-50a7-4415-83cb-6bf8c1b8de62', 
'0429f7a8-8be9-4875-992c-9dc5278905a4', 
'mxmodelreflection$microflowsid', 
'mxmodelreflection$valuetypeid', 
'idx_mxmodelreflection$microflows_output_type');
INSERT INTO `mendixsystem$unique_constraint` (`name`, 
`table_id`, 
`column_id`)
 VALUES ('uniq_mxmodelreflec$microflow_outpu_type_mxmodelreflec$microflows', 
'92ceaa85-d3d6-4561-89f0-895df81d04cc', 
'2dd52d25-f23b-3b80-afc6-a57c3c58de09');
CREATE TABLE `mxmodelreflection$microflows_module` (
	`mxmodelreflection$microflowsid` BIGINT NOT NULL,
	`mxmodelreflection$moduleid` BIGINT NOT NULL,
	PRIMARY KEY(`mxmodelreflection$microflowsid`,`mxmodelreflection$moduleid`),
	CONSTRAINT `uniq_mxmodelreflecti$microflow_module_mxmodelreflecti$microflows` UNIQUE (`mxmodelreflection$microflowsid`));
CREATE INDEX `idx_mxmodelreflection$microflows_module` ON `mxmodelreflection$microflows_module` (`mxmodelreflection$moduleid`,`mxmodelreflection$microflowsid`);
INSERT INTO `mendixsystem$association` (`id`, 
`association_name`, 
`table_name`, 
`parent_entity_id`, 
`child_entity_id`, 
`parent_column_name`, 
`child_column_name`, 
`index_name`)
 VALUES ('db74048e-dc13-4c41-9a39-dd354be47fc8', 
'MxModelReflection.Microflows_Module', 
'mxmodelreflection$microflows_module', 
'988302e3-50a7-4415-83cb-6bf8c1b8de62', 
'cb86f0bf-a03a-4978-887c-bde9ea247fea', 
'mxmodelreflection$microflowsid', 
'mxmodelreflection$moduleid', 
'idx_mxmodelreflection$microflows_module');
INSERT INTO `mendixsystem$unique_constraint` (`name`, 
`table_id`, 
`column_id`)
 VALUES ('uniq_mxmodelreflecti$microflow_module_mxmodelreflecti$microflows', 
'db74048e-dc13-4c41-9a39-dd354be47fc8', 
'ca2ff56c-6060-3727-ad43-f31881b294ee');
CREATE TABLE `mxmodelreflection$microflows_inputparameter` (
	`mxmodelreflection$microflowsid` BIGINT NOT NULL,
	`mxmodelreflection$parameterid` BIGINT NOT NULL,
	PRIMARY KEY(`mxmodelreflection$microflowsid`,`mxmodelreflection$parameterid`));
CREATE INDEX `idx_mxmodelreflection$microflows_inputparameter` ON `mxmodelreflection$microflows_inputparameter` (`mxmodelreflection$parameterid`,`mxmodelreflection$microflowsid`);
INSERT INTO `mendixsystem$association` (`id`, 
`association_name`, 
`table_name`, 
`parent_entity_id`, 
`child_entity_id`, 
`parent_column_name`, 
`child_column_name`, 
`index_name`)
 VALUES ('74154304-0af1-475e-88a5-bebc17a8b37e', 
'MxModelReflection.Microflows_InputParameter', 
'mxmodelreflection$microflows_inputparameter', 
'988302e3-50a7-4415-83cb-6bf8c1b8de62', 
'5260d545-e994-49f1-8c1b-5ae3231b783e', 
'mxmodelreflection$microflowsid', 
'mxmodelreflection$parameterid', 
'idx_mxmodelreflection$microflows_inputparameter');
CREATE TABLE `mxmodelreflection$mxobjectenum` (
	`id` BIGINT NOT NULL,
	PRIMARY KEY(`id`));
INSERT INTO `mendixsystem$entity` (`id`, 
`entity_name`, 
`table_name`, 
`superentity_id`)
 VALUES ('059ed165-9ce1-43ce-91b9-ad3b1bd679c9', 
'MxModelReflection.MxObjectEnum', 
'mxmodelreflection$mxobjectenum', 
'8c84bd49-c7a1-45a9-85a5-0965f94260ac');
CREATE TABLE `mxmodelreflection$values` (
	`mxmodelreflection$mxobjectenumid` BIGINT NOT NULL,
	`mxmodelreflection$mxobjectenumvalueid` BIGINT NOT NULL,
	PRIMARY KEY(`mxmodelreflection$mxobjectenumid`,`mxmodelreflection$mxobjectenumvalueid`));
CREATE INDEX `idx_mxmodelreflection$values` ON `mxmodelreflection$values` (`mxmodelreflection$mxobjectenumvalueid`,`mxmodelreflection$mxobjectenumid`);
INSERT INTO `mendixsystem$association` (`id`, 
`association_name`, 
`table_name`, 
`parent_entity_id`, 
`child_entity_id`, 
`parent_column_name`, 
`child_column_name`, 
`index_name`)
 VALUES ('1e840eed-172d-4104-911f-72b4b729512b', 
'MxModelReflection.Values', 
'mxmodelreflection$values', 
'059ed165-9ce1-43ce-91b9-ad3b1bd679c9', 
'942f1ba5-9ed1-4e10-89b0-5941983bf8d1', 
'mxmodelreflection$mxobjectenumid', 
'mxmodelreflection$mxobjectenumvalueid', 
'idx_mxmodelreflection$values');
CREATE TABLE `mxmodelreflection$mxobjectenumvalue` (
	`id` BIGINT NOT NULL,
	`changeddate` DATETIME NULL,
	`createddate` DATETIME NULL,
	`name` NVARCHAR(200) NULL,
	`system$owner` BIGINT NULL,
	`system$changedby` BIGINT NULL,
	PRIMARY KEY(`id`));
CREATE INDEX `idx_mxmodelreflection$mxobjectenumvalue_system$owner` ON `mxmodelreflection$mxobjectenumvalue` (`system$owner`,`id`);
CREATE INDEX `idx_mxmodelreflection$mxobjectenumvalue_system$changedby` ON `mxmodelreflection$mxobjectenumvalue` (`system$changedby`,`id`);
INSERT INTO `mendixsystem$entity` (`id`, 
`entity_name`, 
`table_name`)
 VALUES ('942f1ba5-9ed1-4e10-89b0-5941983bf8d1', 
'MxModelReflection.MxObjectEnumValue', 
'mxmodelreflection$mxobjectenumvalue');
INSERT INTO `mendixsystem$attribute` (`id`, 
`entity_id`, 
`attribute_name`, 
`column_name`, 
`type`, 
`length`, 
`default_value`, 
`is_auto_number`)
 VALUES ('18c5e694-d1cf-3439-8400-1c20af3f34fe', 
'942f1ba5-9ed1-4e10-89b0-5941983bf8d1', 
'changedDate', 
'changeddate', 
20, 
0, 
'', 
FALSE);
INSERT INTO `mendixsystem$attribute` (`id`, 
`entity_id`, 
`attribute_name`, 
`column_name`, 
`type`, 
`length`, 
`default_value`, 
`is_auto_number`)
 VALUES ('08ef1fcd-00d5-39dc-aa2f-a9030de192bf', 
'942f1ba5-9ed1-4e10-89b0-5941983bf8d1', 
'createdDate', 
'createddate', 
20, 
0, 
'', 
FALSE);
INSERT INTO `mendixsystem$attribute` (`id`, 
`entity_id`, 
`attribute_name`, 
`column_name`, 
`type`, 
`length`, 
`default_value`, 
`is_auto_number`)
 VALUES ('0c376297-a33c-40ea-a2c4-6a1ee5745d2b', 
'942f1ba5-9ed1-4e10-89b0-5941983bf8d1', 
'Name', 
'name', 
30, 
200, 
'', 
FALSE);
INSERT INTO `mendixsystem$index` (`id`, 
`table_id`, 
`index_name`)
 VALUES ('02f0434b-14a9-3be8-8b25-d494243e5517', 
'942f1ba5-9ed1-4e10-89b0-5941983bf8d1', 
'idx_mxmodelreflection$mxobjectenumvalue_system$owner');
INSERT INTO `mendixsystem$index_column` (`index_id`, 
`column_id`, 
`sort_order`, 
`ordinal`)
 VALUES ('02f0434b-14a9-3be8-8b25-d494243e5517', 
'0e6e7f80-f560-36bb-83fd-40c82a729b35', 
FALSE, 
0);
INSERT INTO `mendixsystem$index` (`id`, 
`table_id`, 
`index_name`)
 VALUES ('eafe194d-69e2-3fa0-919d-d78de048052a', 
'942f1ba5-9ed1-4e10-89b0-5941983bf8d1', 
'idx_mxmodelreflection$mxobjectenumvalue_system$changedby');
INSERT INTO `mendixsystem$index_column` (`index_id`, 
`column_id`, 
`sort_order`, 
`ordinal`)
 VALUES ('eafe194d-69e2-3fa0-919d-d78de048052a', 
'01bdb663-96cb-34d7-9a10-c5530f7bec09', 
FALSE, 
0);
INSERT INTO `mendixsystem$association` (`id`, 
`association_name`, 
`table_name`, 
`parent_entity_id`, 
`child_entity_id`, 
`parent_column_name`, 
`child_column_name`)
 VALUES ('0e6e7f80-f560-36bb-83fd-40c82a729b35', 
'System.owner', 
'system$owner', 
'942f1ba5-9ed1-4e10-89b0-5941983bf8d1', 
'282e2e60-88a5-469d-84a5-ba8d9151644f', 
'id', 
'system$owner');
INSERT INTO `mendixsystem$association` (`id`, 
`association_name`, 
`table_name`, 
`parent_entity_id`, 
`child_entity_id`, 
`parent_column_name`, 
`child_column_name`)
 VALUES ('01bdb663-96cb-34d7-9a10-c5530f7bec09', 
'System.changedBy', 
'system$changedby', 
'942f1ba5-9ed1-4e10-89b0-5941983bf8d1', 
'282e2e60-88a5-469d-84a5-ba8d9151644f', 
'id', 
'system$changedby');
CREATE TABLE `mxmodelreflection$captions` (
	`mxmodelreflection$mxobjectenumvalueid` BIGINT NOT NULL,
	`mxmodelreflection$mxobjectenumcaptionsid` BIGINT NOT NULL,
	PRIMARY KEY(`mxmodelreflection$mxobjectenumvalueid`,`mxmodelreflection$mxobjectenumcaptionsid`));
CREATE INDEX `idx_mxmodelreflection$captions` ON `mxmodelreflection$captions` (`mxmodelreflection$mxobjectenumcaptionsid`,`mxmodelreflection$mxobjectenumvalueid`);
INSERT INTO `mendixsystem$association` (`id`, 
`association_name`, 
`table_name`, 
`parent_entity_id`, 
`child_entity_id`, 
`parent_column_name`, 
`child_column_name`, 
`index_name`)
 VALUES ('047b4247-5c44-45ef-9b3d-0688c0912c40', 
'MxModelReflection.Captions', 
'mxmodelreflection$captions', 
'942f1ba5-9ed1-4e10-89b0-5941983bf8d1', 
'f377b792-b9a1-407f-9d4a-d0fd188f64c2', 
'mxmodelreflection$mxobjectenumvalueid', 
'mxmodelreflection$mxobjectenumcaptionsid', 
'idx_mxmodelreflection$captions');
CREATE TABLE `mxmodelreflection$dbsizeestimate` (
	`id` BIGINT NOT NULL,
	`findobjecttype` NVARCHAR(200) NULL,
	`calculatedsizeinkilobytes` BIGINT NULL,
	`calculatedsizeinbytes` BIGINT NULL,
	`nrofrecords` INT NULL,
	PRIMARY KEY(`id`));
INSERT INTO `mendixsystem$entity` (`id`, 
`entity_name`, 
`table_name`)
 VALUES ('942dd8e3-15ac-4604-83ac-9ea634c33aa2', 
'MxModelReflection.DbSizeEstimate', 
'mxmodelreflection$dbsizeestimate');
INSERT INTO `mendixsystem$attribute` (`id`, 
`entity_id`, 
`attribute_name`, 
`column_name`, 
`type`, 
`length`, 
`default_value`, 
`is_auto_number`)
 VALUES ('43811bdb-a217-48bd-9488-3006ed2072ef', 
'942dd8e3-15ac-4604-83ac-9ea634c33aa2', 
'FindObjectType', 
'findobjecttype', 
30, 
200, 
'', 
FALSE);
INSERT INTO `mendixsystem$attribute` (`id`, 
`entity_id`, 
`attribute_name`, 
`column_name`, 
`type`, 
`length`, 
`default_value`, 
`is_auto_number`)
 VALUES ('f2d9e67a-1f66-4484-b180-3f042cbac847', 
'942dd8e3-15ac-4604-83ac-9ea634c33aa2', 
'CalculatedSizeInKiloBytes', 
'calculatedsizeinkilobytes', 
4, 
0, 
'0', 
FALSE);
INSERT INTO `mendixsystem$attribute` (`id`, 
`entity_id`, 
`attribute_name`, 
`column_name`, 
`type`, 
`length`, 
`default_value`, 
`is_auto_number`)
 VALUES ('8f53bd1a-4f37-4e71-b3ef-2cf1cc87fe2b', 
'942dd8e3-15ac-4604-83ac-9ea634c33aa2', 
'CalculatedSizeInBytes', 
'calculatedsizeinbytes', 
4, 
0, 
'0', 
FALSE);
INSERT INTO `mendixsystem$attribute` (`id`, 
`entity_id`, 
`attribute_name`, 
`column_name`, 
`type`, 
`length`, 
`default_value`, 
`is_auto_number`)
 VALUES ('91158dc4-ba1f-4280-8462-2a98b2101f6d', 
'942dd8e3-15ac-4604-83ac-9ea634c33aa2', 
'NrOfRecords', 
'nrofrecords', 
3, 
0, 
'', 
FALSE);
CREATE TABLE `mxmodelreflection$dbsizeestimate_mxobjecttype` (
	`mxmodelreflection$dbsizeestimateid` BIGINT NOT NULL,
	`mxmodelreflection$mxobjecttypeid` BIGINT NOT NULL,
	PRIMARY KEY(`mxmodelreflection$dbsizeestimateid`,`mxmodelreflection$mxobjecttypeid`),
	CONSTRAINT `uniq_mxmodelrefle$dbsizeestim_mxobjectt_mxmodelrefle$dbsizeestim` UNIQUE (`mxmodelreflection$dbsizeestimateid`));
CREATE INDEX `idx_mxmodelreflection$dbsizeestimate_mxobjecttype` ON `mxmodelreflection$dbsizeestimate_mxobjecttype` (`mxmodelreflection$mxobjecttypeid`,`mxmodelreflection$dbsizeestimateid`);
INSERT INTO `mendixsystem$association` (`id`, 
`association_name`, 
`table_name`, 
`parent_entity_id`, 
`child_entity_id`, 
`parent_column_name`, 
`child_column_name`, 
`index_name`)
 VALUES ('e4a739cf-8404-4164-b97a-5bde8cf5afbc', 
'MxModelReflection.DbSizeEstimate_MxObjectType', 
'mxmodelreflection$dbsizeestimate_mxobjecttype', 
'942dd8e3-15ac-4604-83ac-9ea634c33aa2', 
'3a63aadf-1fcc-48d3-bc92-97409552c7a0', 
'mxmodelreflection$dbsizeestimateid', 
'mxmodelreflection$mxobjecttypeid', 
'idx_mxmodelreflection$dbsizeestimate_mxobjecttype');
INSERT INTO `mendixsystem$unique_constraint` (`name`, 
`table_id`, 
`column_id`)
 VALUES ('uniq_mxmodelrefle$dbsizeestim_mxobjectt_mxmodelrefle$dbsizeestim', 
'e4a739cf-8404-4164-b97a-5bde8cf5afbc', 
'82d79aa9-9371-3694-b40f-83fea8664052');
CREATE TABLE `mxmodelreflection$mxobjectmember` (
	`id` BIGINT NOT NULL,
	`changeddate` DATETIME NULL,
	`descriptivename` NVARCHAR(200) NULL,
	`createddate` DATETIME NULL,
	`attributetype` NVARCHAR(200) NULL,
	`fieldlength` INT NULL,
	`attributename` NVARCHAR(200) NULL,
	`completename` NVARCHAR(400) NULL,
	`isvirtual` BOOL NULL,
	`attributetypeenum` NVARCHAR(11) NULL,
	`submetaobjectname` NVARCHAR(255) NULL,
	`system$changedby` BIGINT NULL,
	`system$owner` BIGINT NULL,
	PRIMARY KEY(`id`));
CREATE INDEX `idx_mxmodelreflection$mxobjectmember_submetaobjectname` ON `mxmodelreflection$mxobjectmember` (`submetaobjectname`,`id`);
CREATE INDEX `idx_mxmodelreflection$mxobjectmember_system$changedby` ON `mxmodelreflection$mxobjectmember` (`system$changedby`,`id`);
CREATE INDEX `idx_mxmodelreflection$mxobjectmember_system$owner` ON `mxmodelreflection$mxobjectmember` (`system$owner`,`id`);
INSERT INTO `mendixsystem$entity` (`id`, 
`entity_name`, 
`table_name`)
 VALUES ('8c84bd49-c7a1-45a9-85a5-0965f94260ac', 
'MxModelReflection.MxObjectMember', 
'mxmodelreflection$mxobjectmember');
INSERT INTO `mendixsystem$attribute` (`id`, 
`entity_id`, 
`attribute_name`, 
`column_name`, 
`type`, 
`length`, 
`default_value`, 
`is_auto_number`)
 VALUES ('2c037e7f-4c3e-378c-a97d-64eb6a24f481', 
'8c84bd49-c7a1-45a9-85a5-0965f94260ac', 
'changedDate', 
'changeddate', 
20, 
0, 
'', 
FALSE);
INSERT INTO `mendixsystem$attribute` (`id`, 
`entity_id`, 
`attribute_name`, 
`column_name`, 
`type`, 
`length`, 
`default_value`, 
`is_auto_number`)
 VALUES ('9f94083b-14e3-4e48-a073-6de5af8f6f70', 
'8c84bd49-c7a1-45a9-85a5-0965f94260ac', 
'DescriptiveName', 
'descriptivename', 
30, 
200, 
'', 
FALSE);
INSERT INTO `mendixsystem$attribute` (`id`, 
`entity_id`, 
`attribute_name`, 
`column_name`, 
`type`, 
`length`, 
`default_value`, 
`is_auto_number`)
 VALUES ('9c589ecf-014e-3a64-85ac-92c4e7f50c3e', 
'8c84bd49-c7a1-45a9-85a5-0965f94260ac', 
'createdDate', 
'createddate', 
20, 
0, 
'', 
FALSE);
INSERT INTO `mendixsystem$attribute` (`id`, 
`entity_id`, 
`attribute_name`, 
`column_name`, 
`type`, 
`length`, 
`default_value`, 
`is_auto_number`)
 VALUES ('011ad54f-ebc6-498e-ab71-cdd586b2f96c', 
'8c84bd49-c7a1-45a9-85a5-0965f94260ac', 
'AttributeType', 
'attributetype', 
30, 
200, 
'', 
FALSE);
INSERT INTO `mendixsystem$attribute` (`id`, 
`entity_id`, 
`attribute_name`, 
`column_name`, 
`type`, 
`length`, 
`default_value`, 
`is_auto_number`)
 VALUES ('01171ab2-8007-46cd-adc2-02737bad51a7', 
'8c84bd49-c7a1-45a9-85a5-0965f94260ac', 
'FieldLength', 
'fieldlength', 
3, 
0, 
'', 
FALSE);
INSERT INTO `mendixsystem$attribute` (`id`, 
`entity_id`, 
`attribute_name`, 
`column_name`, 
`type`, 
`length`, 
`default_value`, 
`is_auto_number`)
 VALUES ('f91bd46f-93ae-4c60-ad0b-a2d038007b46', 
'8c84bd49-c7a1-45a9-85a5-0965f94260ac', 
'AttributeName', 
'attributename', 
30, 
200, 
'', 
FALSE);
INSERT INTO `mendixsystem$attribute` (`id`, 
`entity_id`, 
`attribute_name`, 
`column_name`, 
`type`, 
`length`, 
`default_value`, 
`is_auto_number`)
 VALUES ('a6f2a1e1-2ae9-4243-8653-2863598dcbd6', 
'8c84bd49-c7a1-45a9-85a5-0965f94260ac', 
'CompleteName', 
'completename', 
30, 
400, 
'', 
FALSE);
INSERT INTO `mendixsystem$attribute` (`id`, 
`entity_id`, 
`attribute_name`, 
`column_name`, 
`type`, 
`length`, 
`default_value`, 
`is_auto_number`)
 VALUES ('3c7684e4-d9fb-4f85-8f27-81b2edeaefa7', 
'8c84bd49-c7a1-45a9-85a5-0965f94260ac', 
'IsVirtual', 
'isvirtual', 
10, 
0, 
'false', 
FALSE);
INSERT INTO `mendixsystem$attribute` (`id`, 
`entity_id`, 
`attribute_name`, 
`column_name`, 
`type`, 
`length`, 
`default_value`, 
`is_auto_number`)
 VALUES ('c289524d-4c4b-4136-b9eb-42a110d17473', 
'8c84bd49-c7a1-45a9-85a5-0965f94260ac', 
'AttributeTypeEnum', 
'attributetypeenum', 
40, 
11, 
'', 
FALSE);
INSERT INTO `mendixsystem$attribute` (`id`, 
`entity_id`, 
`attribute_name`, 
`column_name`, 
`type`, 
`length`, 
`default_value`, 
`is_auto_number`)
 VALUES ('9e03dcf5-d580-3340-8820-572b94ed881a', 
'8c84bd49-c7a1-45a9-85a5-0965f94260ac', 
'submetaobjectname', 
'submetaobjectname', 
30, 
255, 
'MxModelReflection.MxObjectMember', 
FALSE);
INSERT INTO `mendixsystem$index` (`id`, 
`table_id`, 
`index_name`)
 VALUES ('b0370d94-c9c7-3533-bf18-e7dbada8575a', 
'8c84bd49-c7a1-45a9-85a5-0965f94260ac', 
'idx_mxmodelreflection$mxobjectmember_submetaobjectname');
INSERT INTO `mendixsystem$index_column` (`index_id`, 
`column_id`, 
`sort_order`, 
`ordinal`)
 VALUES ('b0370d94-c9c7-3533-bf18-e7dbada8575a', 
'9e03dcf5-d580-3340-8820-572b94ed881a', 
FALSE, 
0);
INSERT INTO `mendixsystem$index` (`id`, 
`table_id`, 
`index_name`)
 VALUES ('15b0a81b-dfc0-3bbc-aa99-2fe24afa60de', 
'8c84bd49-c7a1-45a9-85a5-0965f94260ac', 
'idx_mxmodelreflection$mxobjectmember_system$changedby');
INSERT INTO `mendixsystem$index_column` (`index_id`, 
`column_id`, 
`sort_order`, 
`ordinal`)
 VALUES ('15b0a81b-dfc0-3bbc-aa99-2fe24afa60de', 
'a8dacec5-3630-3077-959d-d112533005f6', 
FALSE, 
0);
INSERT INTO `mendixsystem$index` (`id`, 
`table_id`, 
`index_name`)
 VALUES ('7112433d-d0d1-333c-a004-d744d3267c65', 
'8c84bd49-c7a1-45a9-85a5-0965f94260ac', 
'idx_mxmodelreflection$mxobjectmember_system$owner');
INSERT INTO `mendixsystem$index_column` (`index_id`, 
`column_id`, 
`sort_order`, 
`ordinal`)
 VALUES ('7112433d-d0d1-333c-a004-d744d3267c65', 
'846ef880-7ab4-30ac-b966-5bcecfa51d4b', 
FALSE, 
0);
INSERT INTO `mendixsystem$association` (`id`, 
`association_name`, 
`table_name`, 
`parent_entity_id`, 
`child_entity_id`, 
`parent_column_name`, 
`child_column_name`)
 VALUES ('a8dacec5-3630-3077-959d-d112533005f6', 
'System.changedBy', 
'system$changedby', 
'8c84bd49-c7a1-45a9-85a5-0965f94260ac', 
'282e2e60-88a5-469d-84a5-ba8d9151644f', 
'id', 
'system$changedby');
INSERT INTO `mendixsystem$association` (`id`, 
`association_name`, 
`table_name`, 
`parent_entity_id`, 
`child_entity_id`, 
`parent_column_name`, 
`child_column_name`)
 VALUES ('846ef880-7ab4-30ac-b966-5bcecfa51d4b', 
'System.owner', 
'system$owner', 
'8c84bd49-c7a1-45a9-85a5-0965f94260ac', 
'282e2e60-88a5-469d-84a5-ba8d9151644f', 
'id', 
'system$owner');
CREATE TABLE `mxmodelreflection$mxobjectmember_type` (
	`mxmodelreflection$mxobjectmemberid` BIGINT NOT NULL,
	`mxmodelreflection$valuetypeid` BIGINT NOT NULL,
	PRIMARY KEY(`mxmodelreflection$mxobjectmemberid`,`mxmodelreflection$valuetypeid`),
	CONSTRAINT `uniq_mxmodelreflec$mxobjectmemb_type_mxmodelreflec$mxobjectmembe` UNIQUE (`mxmodelreflection$mxobjectmemberid`));
CREATE INDEX `idx_mxmodelreflection$mxobjectmember_type` ON `mxmodelreflection$mxobjectmember_type` (`mxmodelreflection$valuetypeid`,`mxmodelreflection$mxobjectmemberid`);
INSERT INTO `mendixsystem$association` (`id`, 
`association_name`, 
`table_name`, 
`parent_entity_id`, 
`child_entity_id`, 
`parent_column_name`, 
`child_column_name`, 
`index_name`)
 VALUES ('85695435-b28a-42d1-9478-abb42aa09c96', 
'MxModelReflection.MxObjectMember_Type', 
'mxmodelreflection$mxobjectmember_type', 
'8c84bd49-c7a1-45a9-85a5-0965f94260ac', 
'0429f7a8-8be9-4875-992c-9dc5278905a4', 
'mxmodelreflection$mxobjectmemberid', 
'mxmodelreflection$valuetypeid', 
'idx_mxmodelreflection$mxobjectmember_type');
INSERT INTO `mendixsystem$unique_constraint` (`name`, 
`table_id`, 
`column_id`)
 VALUES ('uniq_mxmodelreflec$mxobjectmemb_type_mxmodelreflec$mxobjectmembe', 
'85695435-b28a-42d1-9478-abb42aa09c96', 
'0631727e-910d-3039-ae80-da23679b9606');
CREATE TABLE `mxmodelreflection$mxobjectmember_mxobjecttype` (
	`mxmodelreflection$mxobjectmemberid` BIGINT NOT NULL,
	`mxmodelreflection$mxobjecttypeid` BIGINT NOT NULL,
	PRIMARY KEY(`mxmodelreflection$mxobjectmemberid`,`mxmodelreflection$mxobjecttypeid`),
	CONSTRAINT `uniq_mxmodelrefle$mxobjectmem_mxobjectt_mxmodelrefle$mxobjectmem` UNIQUE (`mxmodelreflection$mxobjectmemberid`));
CREATE INDEX `idx_mxmodelreflection$mxobjectmember_mxobjecttype` ON `mxmodelreflection$mxobjectmember_mxobjecttype` (`mxmodelreflection$mxobjecttypeid`,`mxmodelreflection$mxobjectmemberid`);
INSERT INTO `mendixsystem$association` (`id`, 
`association_name`, 
`table_name`, 
`parent_entity_id`, 
`child_entity_id`, 
`parent_column_name`, 
`child_column_name`, 
`index_name`)
 VALUES ('1784d5ae-37ae-492a-ab90-86e09fddc386', 
'MxModelReflection.MxObjectMember_MxObjectType', 
'mxmodelreflection$mxobjectmember_mxobjecttype', 
'8c84bd49-c7a1-45a9-85a5-0965f94260ac', 
'3a63aadf-1fcc-48d3-bc92-97409552c7a0', 
'mxmodelreflection$mxobjectmemberid', 
'mxmodelreflection$mxobjecttypeid', 
'idx_mxmodelreflection$mxobjectmember_mxobjecttype');
INSERT INTO `mendixsystem$unique_constraint` (`name`, 
`table_id`, 
`column_id`)
 VALUES ('uniq_mxmodelrefle$mxobjectmem_mxobjectt_mxmodelrefle$mxobjectmem', 
'1784d5ae-37ae-492a-ab90-86e09fddc386', 
'ec4ce4a4-2d9d-3bb4-9bc3-d8fb68f074fa');
CREATE TABLE `flatfileinterface$interfacedefinition` (
	`id` BIGINT NOT NULL,
	`textqualifierselection` NVARCHAR(15) NULL,
	`batchsize` INT NULL,
	`logtoconsole` BOOL NULL,
	`importdirectory` NVARCHAR(200) NULL,
	`delimiter` NVARCHAR(200) NULL,
	`startscheduletime` DATETIME NULL,
	`nextruntime` DATETIME NULL,
	`isactive` BOOL NULL,
	`intervaltype` NVARCHAR(6) NULL,
	`mappedentity` NVARCHAR(200) NULL,
	`triggereventsoncommit` BOOL NULL,
	`loglevel` NVARCHAR(5) NULL,
	`queuenumber` INT NULL,
	`filetype` NVARCHAR(11) NULL,
	`fileextension` NVARCHAR(200) NULL,
	`lastruntime` DATETIME NULL,
	`interfacename` NVARCHAR(200) NULL,
	`fileencoding` NVARCHAR(6) NULL,
	`skipfirstrow` BOOL NULL,
	`usequeue` BOOL NULL,
	`interval` INT NULL,
	PRIMARY KEY(`id`));
INSERT INTO `mendixsystem$entity` (`id`, 
`entity_name`, 
`table_name`)
 VALUES ('90e4de93-cab2-4129-ac86-828f072d9d66', 
'FlatFileInterface.InterfaceDefinition', 
'flatfileinterface$interfacedefinition');
INSERT INTO `mendixsystem$attribute` (`id`, 
`entity_id`, 
`attribute_name`, 
`column_name`, 
`type`, 
`length`, 
`default_value`, 
`is_auto_number`)
 VALUES ('1ed27ac8-8896-46e6-9ded-d1833d118cb5', 
'90e4de93-cab2-4129-ac86-828f072d9d66', 
'TextQualifierSelection', 
'textqualifierselection', 
40, 
15, 
'None', 
FALSE);
INSERT INTO `mendixsystem$attribute` (`id`, 
`entity_id`, 
`attribute_name`, 
`column_name`, 
`type`, 
`length`, 
`default_value`, 
`is_auto_number`)
 VALUES ('8b7c842c-d679-4a04-8b56-2bd350243680', 
'90e4de93-cab2-4129-ac86-828f072d9d66', 
'BatchSize', 
'batchsize', 
3, 
0, 
'1000', 
FALSE);
INSERT INTO `mendixsystem$attribute` (`id`, 
`entity_id`, 
`attribute_name`, 
`column_name`, 
`type`, 
`length`, 
`default_value`, 
`is_auto_number`)
 VALUES ('e0904831-77c0-4f4c-b8f0-2f8733891dc6', 
'90e4de93-cab2-4129-ac86-828f072d9d66', 
'LogToConsole', 
'logtoconsole', 
10, 
0, 
'false', 
FALSE);
INSERT INTO `mendixsystem$attribute` (`id`, 
`entity_id`, 
`attribute_name`, 
`column_name`, 
`type`, 
`length`, 
`default_value`, 
`is_auto_number`)
 VALUES ('7f93ae70-5cb2-4c2a-8685-a17316e74b91', 
'90e4de93-cab2-4129-ac86-828f072d9d66', 
'ImportDirectory', 
'importdirectory', 
30, 
200, 
'', 
FALSE);
INSERT INTO `mendixsystem$attribute` (`id`, 
`entity_id`, 
`attribute_name`, 
`column_name`, 
`type`, 
`length`, 
`default_value`, 
`is_auto_number`)
 VALUES ('f2056741-2c11-4e60-a654-3a2d20a96a62', 
'90e4de93-cab2-4129-ac86-828f072d9d66', 
'Delimiter', 
'delimiter', 
30, 
200, 
'', 
FALSE);
INSERT INTO `mendixsystem$attribute` (`id`, 
`entity_id`, 
`attribute_name`, 
`column_name`, 
`type`, 
`length`, 
`default_value`, 
`is_auto_number`)
 VALUES ('3fbbfe14-4b16-466f-a2fa-a69707402412', 
'90e4de93-cab2-4129-ac86-828f072d9d66', 
'StartScheduleTime', 
'startscheduletime', 
20, 
0, 
'', 
FALSE);
INSERT INTO `mendixsystem$attribute` (`id`, 
`entity_id`, 
`attribute_name`, 
`column_name`, 
`type`, 
`length`, 
`default_value`, 
`is_auto_number`)
 VALUES ('94053f87-c292-4897-9afc-a4ced5d30f59', 
'90e4de93-cab2-4129-ac86-828f072d9d66', 
'NextRunTime', 
'nextruntime', 
20, 
0, 
'', 
FALSE);
INSERT INTO `mendixsystem$attribute` (`id`, 
`entity_id`, 
`attribute_name`, 
`column_name`, 
`type`, 
`length`, 
`default_value`, 
`is_auto_number`)
 VALUES ('15a2b490-11a7-4248-abbb-3c7691461bd9', 
'90e4de93-cab2-4129-ac86-828f072d9d66', 
'IsActive', 
'isactive', 
10, 
0, 
'false', 
FALSE);
INSERT INTO `mendixsystem$attribute` (`id`, 
`entity_id`, 
`attribute_name`, 
`column_name`, 
`type`, 
`length`, 
`default_value`, 
`is_auto_number`)
 VALUES ('f70c3e86-8f02-4f82-a151-940cb965cead', 
'90e4de93-cab2-4129-ac86-828f072d9d66', 
'IntervalType', 
'intervaltype', 
40, 
6, 
'', 
FALSE);
INSERT INTO `mendixsystem$attribute` (`id`, 
`entity_id`, 
`attribute_name`, 
`column_name`, 
`type`, 
`length`, 
`default_value`, 
`is_auto_number`)
 VALUES ('ceb456b8-9571-4d6e-bbab-f8d6c06a9f44', 
'90e4de93-cab2-4129-ac86-828f072d9d66', 
'MappedEntity', 
'mappedentity', 
30, 
200, 
'', 
FALSE);
INSERT INTO `mendixsystem$attribute` (`id`, 
`entity_id`, 
`attribute_name`, 
`column_name`, 
`type`, 
`length`, 
`default_value`, 
`is_auto_number`)
 VALUES ('e03381ae-613f-49a0-8790-cf2dca538c39', 
'90e4de93-cab2-4129-ac86-828f072d9d66', 
'TriggerEventsOnCommit', 
'triggereventsoncommit', 
10, 
0, 
'false', 
FALSE);
INSERT INTO `mendixsystem$attribute` (`id`, 
`entity_id`, 
`attribute_name`, 
`column_name`, 
`type`, 
`length`, 
`default_value`, 
`is_auto_number`)
 VALUES ('9ca39ec9-5682-4ba3-beb6-93c10e709368', 
'90e4de93-cab2-4129-ac86-828f072d9d66', 
'LogLevel', 
'loglevel', 
40, 
5, 
'Error', 
FALSE);
INSERT INTO `mendixsystem$attribute` (`id`, 
`entity_id`, 
`attribute_name`, 
`column_name`, 
`type`, 
`length`, 
`default_value`, 
`is_auto_number`)
 VALUES ('34e49efd-14aa-4946-b892-6176509d1a20', 
'90e4de93-cab2-4129-ac86-828f072d9d66', 
'QueueNumber', 
'queuenumber', 
3, 
0, 
'0', 
FALSE);
INSERT INTO `mendixsystem$attribute` (`id`, 
`entity_id`, 
`attribute_name`, 
`column_name`, 
`type`, 
`length`, 
`default_value`, 
`is_auto_number`)
 VALUES ('f1b19469-01e2-41ae-b337-34713055dcec', 
'90e4de93-cab2-4129-ac86-828f072d9d66', 
'FileType', 
'filetype', 
40, 
11, 
'FixedLenght', 
FALSE);
INSERT INTO `mendixsystem$attribute` (`id`, 
`entity_id`, 
`attribute_name`, 
`column_name`, 
`type`, 
`length`, 
`default_value`, 
`is_auto_number`)
 VALUES ('ea9c77d1-4c35-44bb-9783-3d1bcc41ebbf', 
'90e4de93-cab2-4129-ac86-828f072d9d66', 
'FileExtension', 
'fileextension', 
30, 
200, 
'', 
FALSE);
INSERT INTO `mendixsystem$attribute` (`id`, 
`entity_id`, 
`attribute_name`, 
`column_name`, 
`type`, 
`length`, 
`default_value`, 
`is_auto_number`)
 VALUES ('d8557cd4-0870-4eb9-9328-b77f1177cc8d', 
'90e4de93-cab2-4129-ac86-828f072d9d66', 
'LastRunTime', 
'lastruntime', 
20, 
0, 
'', 
FALSE);
INSERT INTO `mendixsystem$attribute` (`id`, 
`entity_id`, 
`attribute_name`, 
`column_name`, 
`type`, 
`length`, 
`default_value`, 
`is_auto_number`)
 VALUES ('26acab55-9081-426c-a09f-3104a2808479', 
'90e4de93-cab2-4129-ac86-828f072d9d66', 
'InterfaceName', 
'interfacename', 
30, 
200, 
'', 
FALSE);
INSERT INTO `mendixsystem$attribute` (`id`, 
`entity_id`, 
`attribute_name`, 
`column_name`, 
`type`, 
`length`, 
`default_value`, 
`is_auto_number`)
 VALUES ('05073036-44df-43c4-84ba-9fd065fc5523', 
'90e4de93-cab2-4129-ac86-828f072d9d66', 
'FileEncoding', 
'fileencoding', 
40, 
6, 
'Cp1252', 
FALSE);
INSERT INTO `mendixsystem$attribute` (`id`, 
`entity_id`, 
`attribute_name`, 
`column_name`, 
`type`, 
`length`, 
`default_value`, 
`is_auto_number`)
 VALUES ('82fd9096-29aa-41ea-aea8-c2e90501c48d', 
'90e4de93-cab2-4129-ac86-828f072d9d66', 
'SkipFirstRow', 
'skipfirstrow', 
10, 
0, 
'false', 
FALSE);
INSERT INTO `mendixsystem$attribute` (`id`, 
`entity_id`, 
`attribute_name`, 
`column_name`, 
`type`, 
`length`, 
`default_value`, 
`is_auto_number`)
 VALUES ('cc508d2a-e0b3-49bc-843f-b9fdcffa630e', 
'90e4de93-cab2-4129-ac86-828f072d9d66', 
'UseQueue', 
'usequeue', 
10, 
0, 
'false', 
FALSE);
INSERT INTO `mendixsystem$attribute` (`id`, 
`entity_id`, 
`attribute_name`, 
`column_name`, 
`type`, 
`length`, 
`default_value`, 
`is_auto_number`)
 VALUES ('4ed5e1b6-b831-4711-b889-861c9fdbea01', 
'90e4de93-cab2-4129-ac86-828f072d9d66', 
'Interval', 
'interval', 
3, 
0, 
'1', 
FALSE);
CREATE TABLE `flatfileinterface$interfacedefinition_mxobjecttype` (
	`flatfileinterface$interfacedefinitionid` BIGINT NOT NULL,
	`mxmodelreflection$mxobjecttypeid` BIGINT NOT NULL,
	PRIMARY KEY(`flatfileinterface$interfacedefinitionid`,`mxmodelreflection$mxobjecttypeid`),
	CONSTRAINT `uniq_flatfileint$interfacedef_mxobject_flatfileint$interfacedefi` UNIQUE (`flatfileinterface$interfacedefinitionid`));
CREATE INDEX `idx_flatfileinterface$interfacedefinition_mxobjecttype` ON `flatfileinterface$interfacedefinition_mxobjecttype` (`mxmodelreflection$mxobjecttypeid`,`flatfileinterface$interfacedefinitionid`);
INSERT INTO `mendixsystem$association` (`id`, 
`association_name`, 
`table_name`, 
`parent_entity_id`, 
`child_entity_id`, 
`parent_column_name`, 
`child_column_name`, 
`index_name`)
 VALUES ('3638291e-6142-4da2-a2ca-91acb998fc80', 
'FlatFileInterface.InterfaceDefinition_MxObjectType', 
'flatfileinterface$interfacedefinition_mxobjecttype', 
'90e4de93-cab2-4129-ac86-828f072d9d66', 
'3a63aadf-1fcc-48d3-bc92-97409552c7a0', 
'flatfileinterface$interfacedefinitionid', 
'mxmodelreflection$mxobjecttypeid', 
'idx_flatfileinterface$interfacedefinition_mxobjecttype');
INSERT INTO `mendixsystem$unique_constraint` (`name`, 
`table_id`, 
`column_id`)
 VALUES ('uniq_flatfileint$interfacedef_mxobject_flatfileint$interfacedefi', 
'3638291e-6142-4da2-a2ca-91acb998fc80', 
'a0f83cdc-682b-30b6-910a-66d6ce113de1');
CREATE TABLE `flatfileinterface$interfacedefinition_columndefinition` (
	`flatfileinterface$interfacedefinitionid` BIGINT NOT NULL,
	`flatfileinterface$columndefinitionid` BIGINT NOT NULL,
	PRIMARY KEY(`flatfileinterface$interfacedefinitionid`,`flatfileinterface$columndefinitionid`));
CREATE INDEX `idx_flatfileinterface$interfacedefinition_columndefinition` ON `flatfileinterface$interfacedefinition_columndefinition` (`flatfileinterface$columndefinitionid`,`flatfileinterface$interfacedefinitionid`);
INSERT INTO `mendixsystem$association` (`id`, 
`association_name`, 
`table_name`, 
`parent_entity_id`, 
`child_entity_id`, 
`parent_column_name`, 
`child_column_name`, 
`index_name`)
 VALUES ('aa1f8d28-b2d1-4ebf-82c0-09f9598f8dcf', 
'FlatFileInterface.InterfaceDefinition_ColumnDefinition', 
'flatfileinterface$interfacedefinition_columndefinition', 
'90e4de93-cab2-4129-ac86-828f072d9d66', 
'12d70a69-0332-40ce-ac74-02590262a861', 
'flatfileinterface$interfacedefinitionid', 
'flatfileinterface$columndefinitionid', 
'idx_flatfileinterface$interfacedefinition_columndefinition');
CREATE TABLE `mxmodelreflection$parameter` (
	`id` BIGINT NOT NULL,
	`changeddate` DATETIME NULL,
	`createddate` DATETIME NULL,
	`name` NVARCHAR(200) NULL,
	`system$changedby` BIGINT NULL,
	`system$owner` BIGINT NULL,
	PRIMARY KEY(`id`));
CREATE INDEX `idx_mxmodelreflection$parameter_system$changedby` ON `mxmodelreflection$parameter` (`system$changedby`,`id`);
CREATE INDEX `idx_mxmodelreflection$parameter_system$owner` ON `mxmodelreflection$parameter` (`system$owner`,`id`);
INSERT INTO `mendixsystem$entity` (`id`, 
`entity_name`, 
`table_name`)
 VALUES ('5260d545-e994-49f1-8c1b-5ae3231b783e', 
'MxModelReflection.Parameter', 
'mxmodelreflection$parameter');
INSERT INTO `mendixsystem$attribute` (`id`, 
`entity_id`, 
`attribute_name`, 
`column_name`, 
`type`, 
`length`, 
`default_value`, 
`is_auto_number`)
 VALUES ('6a906405-3506-3e23-876b-b2e4903dca5d', 
'5260d545-e994-49f1-8c1b-5ae3231b783e', 
'changedDate', 
'changeddate', 
20, 
0, 
'', 
FALSE);
INSERT INTO `mendixsystem$attribute` (`id`, 
`entity_id`, 
`attribute_name`, 
`column_name`, 
`type`, 
`length`, 
`default_value`, 
`is_auto_number`)
 VALUES ('5c92f75f-d5cb-36dc-ba91-9a25c95e7ed7', 
'5260d545-e994-49f1-8c1b-5ae3231b783e', 
'createdDate', 
'createddate', 
20, 
0, 
'', 
FALSE);
INSERT INTO `mendixsystem$attribute` (`id`, 
`entity_id`, 
`attribute_name`, 
`column_name`, 
`type`, 
`length`, 
`default_value`, 
`is_auto_number`)
 VALUES ('074e912f-d56e-4c2e-9222-87af7243a482', 
'5260d545-e994-49f1-8c1b-5ae3231b783e', 
'Name', 
'name', 
30, 
200, 
'', 
FALSE);
INSERT INTO `mendixsystem$index` (`id`, 
`table_id`, 
`index_name`)
 VALUES ('963ca007-db90-3ed7-80a9-3034e81eefd0', 
'5260d545-e994-49f1-8c1b-5ae3231b783e', 
'idx_mxmodelreflection$parameter_system$changedby');
INSERT INTO `mendixsystem$index_column` (`index_id`, 
`column_id`, 
`sort_order`, 
`ordinal`)
 VALUES ('963ca007-db90-3ed7-80a9-3034e81eefd0', 
'9cd4c02f-6f22-3220-ba32-59cd86e715d1', 
FALSE, 
0);
INSERT INTO `mendixsystem$index` (`id`, 
`table_id`, 
`index_name`)
 VALUES ('601d3e3c-99e7-312a-99dc-621bd6765b87', 
'5260d545-e994-49f1-8c1b-5ae3231b783e', 
'idx_mxmodelreflection$parameter_system$owner');
INSERT INTO `mendixsystem$index_column` (`index_id`, 
`column_id`, 
`sort_order`, 
`ordinal`)
 VALUES ('601d3e3c-99e7-312a-99dc-621bd6765b87', 
'e6249086-ae0c-3dea-9006-91121bd7c6be', 
FALSE, 
0);
INSERT INTO `mendixsystem$association` (`id`, 
`association_name`, 
`table_name`, 
`parent_entity_id`, 
`child_entity_id`, 
`parent_column_name`, 
`child_column_name`)
 VALUES ('9cd4c02f-6f22-3220-ba32-59cd86e715d1', 
'System.changedBy', 
'system$changedby', 
'5260d545-e994-49f1-8c1b-5ae3231b783e', 
'282e2e60-88a5-469d-84a5-ba8d9151644f', 
'id', 
'system$changedby');
INSERT INTO `mendixsystem$association` (`id`, 
`association_name`, 
`table_name`, 
`parent_entity_id`, 
`child_entity_id`, 
`parent_column_name`, 
`child_column_name`)
 VALUES ('e6249086-ae0c-3dea-9006-91121bd7c6be', 
'System.owner', 
'system$owner', 
'5260d545-e994-49f1-8c1b-5ae3231b783e', 
'282e2e60-88a5-469d-84a5-ba8d9151644f', 
'id', 
'system$owner');
CREATE TABLE `mxmodelreflection$parameter_mxobjecttype` (
	`mxmodelreflection$parameterid` BIGINT NOT NULL,
	`mxmodelreflection$mxobjecttypeid` BIGINT NOT NULL,
	PRIMARY KEY(`mxmodelreflection$parameterid`,`mxmodelreflection$mxobjecttypeid`),
	CONSTRAINT `uniq_mxmodelreflect$paramete_mxobjectty_mxmodelreflect$parameter` UNIQUE (`mxmodelreflection$parameterid`));
CREATE INDEX `idx_mxmodelreflection$parameter_mxobjecttype` ON `mxmodelreflection$parameter_mxobjecttype` (`mxmodelreflection$mxobjecttypeid`,`mxmodelreflection$parameterid`);
INSERT INTO `mendixsystem$association` (`id`, 
`association_name`, 
`table_name`, 
`parent_entity_id`, 
`child_entity_id`, 
`parent_column_name`, 
`child_column_name`, 
`index_name`)
 VALUES ('6833d217-b63e-456f-afa5-739de4f0b635', 
'MxModelReflection.Parameter_MxObjectType', 
'mxmodelreflection$parameter_mxobjecttype', 
'5260d545-e994-49f1-8c1b-5ae3231b783e', 
'3a63aadf-1fcc-48d3-bc92-97409552c7a0', 
'mxmodelreflection$parameterid', 
'mxmodelreflection$mxobjecttypeid', 
'idx_mxmodelreflection$parameter_mxobjecttype');
INSERT INTO `mendixsystem$unique_constraint` (`name`, 
`table_id`, 
`column_id`)
 VALUES ('uniq_mxmodelreflect$paramete_mxobjectty_mxmodelreflect$parameter', 
'6833d217-b63e-456f-afa5-739de4f0b635', 
'4c18607a-92e2-3a9e-8a69-008a84c22c91');
CREATE TABLE `mxmodelreflection$parameter_valuetype` (
	`mxmodelreflection$parameterid` BIGINT NOT NULL,
	`mxmodelreflection$valuetypeid` BIGINT NOT NULL,
	PRIMARY KEY(`mxmodelreflection$parameterid`,`mxmodelreflection$valuetypeid`),
	CONSTRAINT `uniq_mxmodelreflect$paramete_valuetyp_mxmodelreflecti$parameteri` UNIQUE (`mxmodelreflection$parameterid`));
CREATE INDEX `idx_mxmodelreflection$parameter_valuetype` ON `mxmodelreflection$parameter_valuetype` (`mxmodelreflection$valuetypeid`,`mxmodelreflection$parameterid`);
INSERT INTO `mendixsystem$association` (`id`, 
`association_name`, 
`table_name`, 
`parent_entity_id`, 
`child_entity_id`, 
`parent_column_name`, 
`child_column_name`, 
`index_name`)
 VALUES ('2ce891bf-6e49-43c0-954c-9631245e72a8', 
'MxModelReflection.Parameter_ValueType', 
'mxmodelreflection$parameter_valuetype', 
'5260d545-e994-49f1-8c1b-5ae3231b783e', 
'0429f7a8-8be9-4875-992c-9dc5278905a4', 
'mxmodelreflection$parameterid', 
'mxmodelreflection$valuetypeid', 
'idx_mxmodelreflection$parameter_valuetype');
INSERT INTO `mendixsystem$unique_constraint` (`name`, 
`table_id`, 
`column_id`)
 VALUES ('uniq_mxmodelreflect$paramete_valuetyp_mxmodelreflecti$parameteri', 
'2ce891bf-6e49-43c0-954c-9631245e72a8', 
'4c16ab79-54c6-325b-82b7-86fa6b9f6996');
CREATE TABLE `flatfileinterface$log` (
	`id` BIGINT NOT NULL,
	`createddate` DATETIME NULL,
	`logdate` DATETIME NULL,
	PRIMARY KEY(`id`));
INSERT INTO `mendixsystem$entity` (`id`, 
`entity_name`, 
`table_name`)
 VALUES ('81b2aefd-664e-40a5-9eb9-c6eb8c5236a9', 
'FlatFileInterface.Log', 
'flatfileinterface$log');
INSERT INTO `mendixsystem$attribute` (`id`, 
`entity_id`, 
`attribute_name`, 
`column_name`, 
`type`, 
`length`, 
`default_value`, 
`is_auto_number`)
 VALUES ('51e167cb-feea-3b5f-9475-e8b1dace19a6', 
'81b2aefd-664e-40a5-9eb9-c6eb8c5236a9', 
'createdDate', 
'createddate', 
20, 
0, 
'', 
FALSE);
INSERT INTO `mendixsystem$attribute` (`id`, 
`entity_id`, 
`attribute_name`, 
`column_name`, 
`type`, 
`length`, 
`default_value`, 
`is_auto_number`)
 VALUES ('d5147999-9827-43d7-8ae3-6dfd41523b94', 
'81b2aefd-664e-40a5-9eb9-c6eb8c5236a9', 
'LogDate', 
'logdate', 
20, 
0, 
'', 
FALSE);
CREATE TABLE `flatfileinterface$log_interfacedefinition` (
	`flatfileinterface$logid` BIGINT NOT NULL,
	`flatfileinterface$interfacedefinitionid` BIGINT NOT NULL,
	PRIMARY KEY(`flatfileinterface$logid`,`flatfileinterface$interfacedefinitionid`),
	CONSTRAINT `uniq_flatfileinterfa$log_interfacedefiniti_flatfileinterfa$logid` UNIQUE (`flatfileinterface$logid`));
CREATE INDEX `idx_flatfileinterface$log_interfacedefinition` ON `flatfileinterface$log_interfacedefinition` (`flatfileinterface$interfacedefinitionid`,`flatfileinterface$logid`);
INSERT INTO `mendixsystem$association` (`id`, 
`association_name`, 
`table_name`, 
`parent_entity_id`, 
`child_entity_id`, 
`parent_column_name`, 
`child_column_name`, 
`index_name`)
 VALUES ('d3d1ae6d-ccea-40e8-9d4c-af164aeca60f', 
'FlatFileInterface.Log_InterfaceDefinition', 
'flatfileinterface$log_interfacedefinition', 
'81b2aefd-664e-40a5-9eb9-c6eb8c5236a9', 
'90e4de93-cab2-4129-ac86-828f072d9d66', 
'flatfileinterface$logid', 
'flatfileinterface$interfacedefinitionid', 
'idx_flatfileinterface$log_interfacedefinition');
INSERT INTO `mendixsystem$unique_constraint` (`name`, 
`table_id`, 
`column_id`)
 VALUES ('uniq_flatfileinterfa$log_interfacedefiniti_flatfileinterfa$logid', 
'd3d1ae6d-ccea-40e8-9d4c-af164aeca60f', 
'c2c7ccc9-aa32-31e0-80a8-2968d608c514');
CREATE TABLE `mxmodelreflection$token` (
	`id` BIGINT NOT NULL,
	`status` NVARCHAR(7) NULL,
	`findreference` NVARCHAR(200) NULL,
	`findobjectstart` NVARCHAR(200) NULL,
	`displaypattern` NVARCHAR(50) NULL,
	`description` NVARCHAR(300) NULL,
	`metamodelpath` NVARCHAR(1000) NULL,
	`token` NVARCHAR(50) NULL,
	`prefix` NVARCHAR(3) NULL,
	`findobjectreference` NVARCHAR(200) NULL,
	`findmember` NVARCHAR(200) NULL,
	`changeddate` DATETIME NULL,
	`tokentype` NVARCHAR(9) NULL,
	`suffix` NVARCHAR(3) NULL,
	`findmemberreference` NVARCHAR(200) NULL,
	`createddate` DATETIME NULL,
	`isoptional` BOOL NULL,
	`combinedtoken` NVARCHAR(56) NULL,
	`system$changedby` BIGINT NULL,
	`system$owner` BIGINT NULL,
	PRIMARY KEY(`id`));
CREATE INDEX `idx_mxmodelreflection$token_combinedtoken` ON `mxmodelreflection$token` (`combinedtoken`,`id`);
CREATE INDEX `idx_mxmodelreflection$token_system$changedby` ON `mxmodelreflection$token` (`system$changedby`,`id`);
CREATE INDEX `idx_mxmodelreflection$token_system$owner` ON `mxmodelreflection$token` (`system$owner`,`id`);
INSERT INTO `mendixsystem$entity` (`id`, 
`entity_name`, 
`table_name`)
 VALUES ('ca6930c0-da53-40fe-82bf-011bc7b77d03', 
'MxModelReflection.Token', 
'mxmodelreflection$token');
INSERT INTO `mendixsystem$attribute` (`id`, 
`entity_id`, 
`attribute_name`, 
`column_name`, 
`type`, 
`length`, 
`default_value`, 
`is_auto_number`)
 VALUES ('30fc2f07-33c3-415e-837d-e29207a55578', 
'ca6930c0-da53-40fe-82bf-011bc7b77d03', 
'Status', 
'status', 
40, 
7, 
'Invalid', 
FALSE);
INSERT INTO `mendixsystem$attribute` (`id`, 
`entity_id`, 
`attribute_name`, 
`column_name`, 
`type`, 
`length`, 
`default_value`, 
`is_auto_number`)
 VALUES ('3073d099-1200-4f3d-9f0f-490dff914027', 
'ca6930c0-da53-40fe-82bf-011bc7b77d03', 
'FindReference', 
'findreference', 
30, 
200, 
'', 
FALSE);
INSERT INTO `mendixsystem$attribute` (`id`, 
`entity_id`, 
`attribute_name`, 
`column_name`, 
`type`, 
`length`, 
`default_value`, 
`is_auto_number`)
 VALUES ('7bdd8f39-957f-4ab3-bda2-13e47ba50b8b', 
'ca6930c0-da53-40fe-82bf-011bc7b77d03', 
'FindObjectStart', 
'findobjectstart', 
30, 
200, 
'', 
FALSE);
INSERT INTO `mendixsystem$attribute` (`id`, 
`entity_id`, 
`attribute_name`, 
`column_name`, 
`type`, 
`length`, 
`default_value`, 
`is_auto_number`)
 VALUES ('9c5c93b2-5ce6-4f9e-9d7d-2c65303d62b8', 
'ca6930c0-da53-40fe-82bf-011bc7b77d03', 
'DisplayPattern', 
'displaypattern', 
30, 
50, 
'', 
FALSE);
INSERT INTO `mendixsystem$attribute` (`id`, 
`entity_id`, 
`attribute_name`, 
`column_name`, 
`type`, 
`length`, 
`default_value`, 
`is_auto_number`)
 VALUES ('ff908b03-a95c-4460-b537-feebb5842e58', 
'ca6930c0-da53-40fe-82bf-011bc7b77d03', 
'Description', 
'description', 
30, 
300, 
'', 
FALSE);
INSERT INTO `mendixsystem$attribute` (`id`, 
`entity_id`, 
`attribute_name`, 
`column_name`, 
`type`, 
`length`, 
`default_value`, 
`is_auto_number`)
 VALUES ('da8e2573-10bc-46f4-b967-64f6e7a496d9', 
'ca6930c0-da53-40fe-82bf-011bc7b77d03', 
'MetaModelPath', 
'metamodelpath', 
30, 
1000, 
'', 
FALSE);
INSERT INTO `mendixsystem$attribute` (`id`, 
`entity_id`, 
`attribute_name`, 
`column_name`, 
`type`, 
`length`, 
`default_value`, 
`is_auto_number`)
 VALUES ('19d7f120-b483-4388-9342-32cc5579d032', 
'ca6930c0-da53-40fe-82bf-011bc7b77d03', 
'Token', 
'token', 
30, 
50, 
'', 
FALSE);
INSERT INTO `mendixsystem$attribute` (`id`, 
`entity_id`, 
`attribute_name`, 
`column_name`, 
`type`, 
`length`, 
`default_value`, 
`is_auto_number`)
 VALUES ('7c6b9bd5-826f-489e-b284-531b6fd60780', 
'ca6930c0-da53-40fe-82bf-011bc7b77d03', 
'Prefix', 
'prefix', 
30, 
3, 
'{%', 
FALSE);
INSERT INTO `mendixsystem$attribute` (`id`, 
`entity_id`, 
`attribute_name`, 
`column_name`, 
`type`, 
`length`, 
`default_value`, 
`is_auto_number`)
 VALUES ('255e19ec-1b90-420b-bc33-efc79ae1d1e3', 
'ca6930c0-da53-40fe-82bf-011bc7b77d03', 
'FindObjectReference', 
'findobjectreference', 
30, 
200, 
'', 
FALSE);
INSERT INTO `mendixsystem$attribute` (`id`, 
`entity_id`, 
`attribute_name`, 
`column_name`, 
`type`, 
`length`, 
`default_value`, 
`is_auto_number`)
 VALUES ('bfefccc5-cf6e-436d-b2dd-56a8a9905d79', 
'ca6930c0-da53-40fe-82bf-011bc7b77d03', 
'FindMember', 
'findmember', 
30, 
200, 
'', 
FALSE);
INSERT INTO `mendixsystem$attribute` (`id`, 
`entity_id`, 
`attribute_name`, 
`column_name`, 
`type`, 
`length`, 
`default_value`, 
`is_auto_number`)
 VALUES ('1b81f23b-744f-3680-bc9f-58c38742e85e', 
'ca6930c0-da53-40fe-82bf-011bc7b77d03', 
'changedDate', 
'changeddate', 
20, 
0, 
'', 
FALSE);
INSERT INTO `mendixsystem$attribute` (`id`, 
`entity_id`, 
`attribute_name`, 
`column_name`, 
`type`, 
`length`, 
`default_value`, 
`is_auto_number`)
 VALUES ('8cbdc705-64a9-4718-b6fa-c74f842d2409', 
'ca6930c0-da53-40fe-82bf-011bc7b77d03', 
'TokenType', 
'tokentype', 
40, 
9, 
'', 
FALSE);
INSERT INTO `mendixsystem$attribute` (`id`, 
`entity_id`, 
`attribute_name`, 
`column_name`, 
`type`, 
`length`, 
`default_value`, 
`is_auto_number`)
 VALUES ('9b50ba81-9547-40d2-9ad9-913d275ff34d', 
'ca6930c0-da53-40fe-82bf-011bc7b77d03', 
'Suffix', 
'suffix', 
30, 
3, 
'%}', 
FALSE);
INSERT INTO `mendixsystem$attribute` (`id`, 
`entity_id`, 
`attribute_name`, 
`column_name`, 
`type`, 
`length`, 
`default_value`, 
`is_auto_number`)
 VALUES ('69cc2a89-2edb-4ef0-82da-3c2159273e10', 
'ca6930c0-da53-40fe-82bf-011bc7b77d03', 
'FindMemberReference', 
'findmemberreference', 
30, 
200, 
'', 
FALSE);
INSERT INTO `mendixsystem$attribute` (`id`, 
`entity_id`, 
`attribute_name`, 
`column_name`, 
`type`, 
`length`, 
`default_value`, 
`is_auto_number`)
 VALUES ('53329512-2cb4-339a-99a9-633f37d92a11', 
'ca6930c0-da53-40fe-82bf-011bc7b77d03', 
'createdDate', 
'createddate', 
20, 
0, 
'', 
FALSE);
INSERT INTO `mendixsystem$attribute` (`id`, 
`entity_id`, 
`attribute_name`, 
`column_name`, 
`type`, 
`length`, 
`default_value`, 
`is_auto_number`)
 VALUES ('5fa1e335-e99d-4e3a-85bf-7eb25f69ea4f', 
'ca6930c0-da53-40fe-82bf-011bc7b77d03', 
'IsOptional', 
'isoptional', 
10, 
0, 
'false', 
FALSE);
INSERT INTO `mendixsystem$attribute` (`id`, 
`entity_id`, 
`attribute_name`, 
`column_name`, 
`type`, 
`length`, 
`default_value`, 
`is_auto_number`)
 VALUES ('35b2e74f-72c2-4e31-a3ae-cb1d15593d73', 
'ca6930c0-da53-40fe-82bf-011bc7b77d03', 
'CombinedToken', 
'combinedtoken', 
30, 
56, 
'', 
FALSE);
INSERT INTO `mendixsystem$index` (`id`, 
`table_id`, 
`index_name`)
 VALUES ('e6419e18-dfe8-44be-ad38-5f9deb2763cf', 
'ca6930c0-da53-40fe-82bf-011bc7b77d03', 
'idx_mxmodelreflection$token_combinedtoken');
INSERT INTO `mendixsystem$index_column` (`index_id`, 
`column_id`, 
`sort_order`, 
`ordinal`)
 VALUES ('e6419e18-dfe8-44be-ad38-5f9deb2763cf', 
'35b2e74f-72c2-4e31-a3ae-cb1d15593d73', 
FALSE, 
0);
INSERT INTO `mendixsystem$index` (`id`, 
`table_id`, 
`index_name`)
 VALUES ('db8850b3-9335-303f-ae3f-426769e4a133', 
'ca6930c0-da53-40fe-82bf-011bc7b77d03', 
'idx_mxmodelreflection$token_system$changedby');
INSERT INTO `mendixsystem$index_column` (`index_id`, 
`column_id`, 
`sort_order`, 
`ordinal`)
 VALUES ('db8850b3-9335-303f-ae3f-426769e4a133', 
'427d31c2-57e9-3413-9d04-721ee71ec2ea', 
FALSE, 
0);
INSERT INTO `mendixsystem$index` (`id`, 
`table_id`, 
`index_name`)
 VALUES ('6d445030-6888-3be8-94df-bc8184825640', 
'ca6930c0-da53-40fe-82bf-011bc7b77d03', 
'idx_mxmodelreflection$token_system$owner');
INSERT INTO `mendixsystem$index_column` (`index_id`, 
`column_id`, 
`sort_order`, 
`ordinal`)
 VALUES ('6d445030-6888-3be8-94df-bc8184825640', 
'234e4c5b-6eb0-3707-b064-649f03b92375', 
FALSE, 
0);
INSERT INTO `mendixsystem$association` (`id`, 
`association_name`, 
`table_name`, 
`parent_entity_id`, 
`child_entity_id`, 
`parent_column_name`, 
`child_column_name`)
 VALUES ('427d31c2-57e9-3413-9d04-721ee71ec2ea', 
'System.changedBy', 
'system$changedby', 
'ca6930c0-da53-40fe-82bf-011bc7b77d03', 
'282e2e60-88a5-469d-84a5-ba8d9151644f', 
'id', 
'system$changedby');
INSERT INTO `mendixsystem$association` (`id`, 
`association_name`, 
`table_name`, 
`parent_entity_id`, 
`child_entity_id`, 
`parent_column_name`, 
`child_column_name`)
 VALUES ('234e4c5b-6eb0-3707-b064-649f03b92375', 
'System.owner', 
'system$owner', 
'ca6930c0-da53-40fe-82bf-011bc7b77d03', 
'282e2e60-88a5-469d-84a5-ba8d9151644f', 
'id', 
'system$owner');
CREATE TABLE `mxmodelreflection$token_mxobjecttype_start` (
	`mxmodelreflection$tokenid` BIGINT NOT NULL,
	`mxmodelreflection$mxobjecttypeid` BIGINT NOT NULL,
	PRIMARY KEY(`mxmodelreflection$tokenid`,`mxmodelreflection$mxobjecttypeid`),
	CONSTRAINT `uniq_mxmodelreflect$token_mxobjectty_start_mxmodelreflect$tokeni` UNIQUE (`mxmodelreflection$tokenid`));
CREATE INDEX `idx_mxmodelreflection$token_mxobjecttype_start` ON `mxmodelreflection$token_mxobjecttype_start` (`mxmodelreflection$mxobjecttypeid`,`mxmodelreflection$tokenid`);
INSERT INTO `mendixsystem$association` (`id`, 
`association_name`, 
`table_name`, 
`parent_entity_id`, 
`child_entity_id`, 
`parent_column_name`, 
`child_column_name`, 
`index_name`)
 VALUES ('ed30457e-2473-44b3-bac5-f6e1bb530132', 
'MxModelReflection.Token_MxObjectType_Start', 
'mxmodelreflection$token_mxobjecttype_start', 
'ca6930c0-da53-40fe-82bf-011bc7b77d03', 
'3a63aadf-1fcc-48d3-bc92-97409552c7a0', 
'mxmodelreflection$tokenid', 
'mxmodelreflection$mxobjecttypeid', 
'idx_mxmodelreflection$token_mxobjecttype_start');
INSERT INTO `mendixsystem$unique_constraint` (`name`, 
`table_id`, 
`column_id`)
 VALUES ('uniq_mxmodelreflect$token_mxobjectty_start_mxmodelreflect$tokeni', 
'ed30457e-2473-44b3-bac5-f6e1bb530132', 
'3554e957-903d-32b8-9c52-ab245bd95d71');
CREATE TABLE `mxmodelreflection$token_mxobjectmember` (
	`mxmodelreflection$tokenid` BIGINT NOT NULL,
	`mxmodelreflection$mxobjectmemberid` BIGINT NOT NULL,
	PRIMARY KEY(`mxmodelreflection$tokenid`,`mxmodelreflection$mxobjectmemberid`),
	CONSTRAINT `uniq_mxmodelreflecti$token_mxobjectmembe_mxmodelreflecti$tokenid` UNIQUE (`mxmodelreflection$tokenid`));
CREATE INDEX `idx_mxmodelreflection$token_mxobjectmember` ON `mxmodelreflection$token_mxobjectmember` (`mxmodelreflection$mxobjectmemberid`,`mxmodelreflection$tokenid`);
INSERT INTO `mendixsystem$association` (`id`, 
`association_name`, 
`table_name`, 
`parent_entity_id`, 
`child_entity_id`, 
`parent_column_name`, 
`child_column_name`, 
`index_name`)
 VALUES ('1b9797c8-cdec-4a92-95a1-2de7491ae10a', 
'MxModelReflection.Token_MxObjectMember', 
'mxmodelreflection$token_mxobjectmember', 
'ca6930c0-da53-40fe-82bf-011bc7b77d03', 
'8c84bd49-c7a1-45a9-85a5-0965f94260ac', 
'mxmodelreflection$tokenid', 
'mxmodelreflection$mxobjectmemberid', 
'idx_mxmodelreflection$token_mxobjectmember');
INSERT INTO `mendixsystem$unique_constraint` (`name`, 
`table_id`, 
`column_id`)
 VALUES ('uniq_mxmodelreflecti$token_mxobjectmembe_mxmodelreflecti$tokenid', 
'1b9797c8-cdec-4a92-95a1-2de7491ae10a', 
'5d98d1c1-e353-3f61-90f0-1234857a71d2');
CREATE TABLE `mxmodelreflection$token_mxobjectreference` (
	`mxmodelreflection$tokenid` BIGINT NOT NULL,
	`mxmodelreflection$mxobjectreferenceid` BIGINT NOT NULL,
	PRIMARY KEY(`mxmodelreflection$tokenid`,`mxmodelreflection$mxobjectreferenceid`),
	CONSTRAINT `uniq_mxmodelreflect$token_mxobjectrefere_mxmodelreflecti$tokenid` UNIQUE (`mxmodelreflection$tokenid`));
CREATE INDEX `idx_mxmodelreflection$token_mxobjectreference` ON `mxmodelreflection$token_mxobjectreference` (`mxmodelreflection$mxobjectreferenceid`,`mxmodelreflection$tokenid`);
INSERT INTO `mendixsystem$association` (`id`, 
`association_name`, 
`table_name`, 
`parent_entity_id`, 
`child_entity_id`, 
`parent_column_name`, 
`child_column_name`, 
`index_name`)
 VALUES ('19ce903c-6ae0-43d1-a7f2-f83aa1de0a34', 
'MxModelReflection.Token_MxObjectReference', 
'mxmodelreflection$token_mxobjectreference', 
'ca6930c0-da53-40fe-82bf-011bc7b77d03', 
'af3795e1-6a06-46c1-b145-61c94ac140e6', 
'mxmodelreflection$tokenid', 
'mxmodelreflection$mxobjectreferenceid', 
'idx_mxmodelreflection$token_mxobjectreference');
INSERT INTO `mendixsystem$unique_constraint` (`name`, 
`table_id`, 
`column_id`)
 VALUES ('uniq_mxmodelreflect$token_mxobjectrefere_mxmodelreflecti$tokenid', 
'19ce903c-6ae0-43d1-a7f2-f83aa1de0a34', 
'2ddf3fe9-8d98-3997-b05a-ef65e4806fd4');
CREATE TABLE `mxmodelreflection$token_mxobjecttype_referenced` (
	`mxmodelreflection$tokenid` BIGINT NOT NULL,
	`mxmodelreflection$mxobjecttypeid` BIGINT NOT NULL,
	PRIMARY KEY(`mxmodelreflection$tokenid`,`mxmodelreflection$mxobjecttypeid`),
	CONSTRAINT `uniq_mxmodelreflec$toke_mxobjectty_referenc_mxmodelreflec$tokeni` UNIQUE (`mxmodelreflection$tokenid`));
CREATE INDEX `idx_mxmodelreflection$token_mxobjecttype_referenced` ON `mxmodelreflection$token_mxobjecttype_referenced` (`mxmodelreflection$mxobjecttypeid`,`mxmodelreflection$tokenid`);
INSERT INTO `mendixsystem$association` (`id`, 
`association_name`, 
`table_name`, 
`parent_entity_id`, 
`child_entity_id`, 
`parent_column_name`, 
`child_column_name`, 
`index_name`)
 VALUES ('050ee5ef-d2a8-4b3d-bd31-e60e09b28f4d', 
'MxModelReflection.Token_MxObjectType_Referenced', 
'mxmodelreflection$token_mxobjecttype_referenced', 
'ca6930c0-da53-40fe-82bf-011bc7b77d03', 
'3a63aadf-1fcc-48d3-bc92-97409552c7a0', 
'mxmodelreflection$tokenid', 
'mxmodelreflection$mxobjecttypeid', 
'idx_mxmodelreflection$token_mxobjecttype_referenced');
INSERT INTO `mendixsystem$unique_constraint` (`name`, 
`table_id`, 
`column_id`)
 VALUES ('uniq_mxmodelreflec$toke_mxobjectty_referenc_mxmodelreflec$tokeni', 
'050ee5ef-d2a8-4b3d-bd31-e60e09b28f4d', 
'a9e73dcb-2d7e-3ce6-943b-510ae093257f');
CREATE TABLE `flatfileinterface$procesfilequeue` (
	`id` BIGINT NOT NULL,
	`queuenumber` INT NULL,
	`error` BOOL NULL,
	`processed` BOOL NULL,
	PRIMARY KEY(`id`));
INSERT INTO `mendixsystem$entity` (`id`, 
`entity_name`, 
`table_name`, 
`superentity_id`)
 VALUES ('325701e5-4c7c-4eb8-a017-cc7270bfaf0b', 
'FlatFileInterface.ProcesFileQueue', 
'flatfileinterface$procesfilequeue', 
'170ce49d-f29c-4fac-99a6-b55e8a3aeb39');
INSERT INTO `mendixsystem$attribute` (`id`, 
`entity_id`, 
`attribute_name`, 
`column_name`, 
`type`, 
`length`, 
`default_value`, 
`is_auto_number`)
 VALUES ('e3383413-ee3f-427f-b787-5067cecf6917', 
'325701e5-4c7c-4eb8-a017-cc7270bfaf0b', 
'QueueNumber', 
'queuenumber', 
3, 
0, 
'0', 
FALSE);
INSERT INTO `mendixsystem$attribute` (`id`, 
`entity_id`, 
`attribute_name`, 
`column_name`, 
`type`, 
`length`, 
`default_value`, 
`is_auto_number`)
 VALUES ('136192ef-f91d-4d4a-8186-9e1ae23f63db', 
'325701e5-4c7c-4eb8-a017-cc7270bfaf0b', 
'Error', 
'error', 
10, 
0, 
'false', 
FALSE);
INSERT INTO `mendixsystem$attribute` (`id`, 
`entity_id`, 
`attribute_name`, 
`column_name`, 
`type`, 
`length`, 
`default_value`, 
`is_auto_number`)
 VALUES ('18ed8876-f7fc-4922-b0d1-78df07f559a5', 
'325701e5-4c7c-4eb8-a017-cc7270bfaf0b', 
'Processed', 
'processed', 
10, 
0, 
'false', 
FALSE);
CREATE TABLE `mxmodelreflection$mxobjectenumcaptions` (
	`id` BIGINT NOT NULL,
	`languagecode` NVARCHAR(8) NULL,
	`changeddate` DATETIME NULL,
	`createddate` DATETIME NULL,
	`languagename` NVARCHAR(200) NULL,
	`caption` NVARCHAR(200) NULL,
	`system$owner` BIGINT NULL,
	`system$changedby` BIGINT NULL,
	PRIMARY KEY(`id`));
CREATE INDEX `idx_mxmodelreflection$mxobjectenumcaptions_system$owner` ON `mxmodelreflection$mxobjectenumcaptions` (`system$owner`,`id`);
CREATE INDEX `idx_mxmodelreflection$mxobjectenumcaptions_system$changedby` ON `mxmodelreflection$mxobjectenumcaptions` (`system$changedby`,`id`);
INSERT INTO `mendixsystem$entity` (`id`, 
`entity_name`, 
`table_name`)
 VALUES ('f377b792-b9a1-407f-9d4a-d0fd188f64c2', 
'MxModelReflection.MxObjectEnumCaptions', 
'mxmodelreflection$mxobjectenumcaptions');
INSERT INTO `mendixsystem$attribute` (`id`, 
`entity_id`, 
`attribute_name`, 
`column_name`, 
`type`, 
`length`, 
`default_value`, 
`is_auto_number`)
 VALUES ('aa154b03-47e0-4c63-9e65-c6d51f6e2a90', 
'f377b792-b9a1-407f-9d4a-d0fd188f64c2', 
'LanguageCode', 
'languagecode', 
30, 
8, 
'', 
FALSE);
INSERT INTO `mendixsystem$attribute` (`id`, 
`entity_id`, 
`attribute_name`, 
`column_name`, 
`type`, 
`length`, 
`default_value`, 
`is_auto_number`)
 VALUES ('ba92ece3-0cbd-3399-8717-032a30afc2b6', 
'f377b792-b9a1-407f-9d4a-d0fd188f64c2', 
'changedDate', 
'changeddate', 
20, 
0, 
'', 
FALSE);
INSERT INTO `mendixsystem$attribute` (`id`, 
`entity_id`, 
`attribute_name`, 
`column_name`, 
`type`, 
`length`, 
`default_value`, 
`is_auto_number`)
 VALUES ('94bb4f10-1cd1-39ee-94c5-baef3eba5eec', 
'f377b792-b9a1-407f-9d4a-d0fd188f64c2', 
'createdDate', 
'createddate', 
20, 
0, 
'', 
FALSE);
INSERT INTO `mendixsystem$attribute` (`id`, 
`entity_id`, 
`attribute_name`, 
`column_name`, 
`type`, 
`length`, 
`default_value`, 
`is_auto_number`)
 VALUES ('4cd05e06-cefb-4607-81b0-3880b450b89a', 
'f377b792-b9a1-407f-9d4a-d0fd188f64c2', 
'LanguageName', 
'languagename', 
30, 
200, 
'', 
FALSE);
INSERT INTO `mendixsystem$attribute` (`id`, 
`entity_id`, 
`attribute_name`, 
`column_name`, 
`type`, 
`length`, 
`default_value`, 
`is_auto_number`)
 VALUES ('0c9c2d6b-c340-4f55-9de8-85ea13066a5a', 
'f377b792-b9a1-407f-9d4a-d0fd188f64c2', 
'Caption', 
'caption', 
30, 
200, 
'', 
FALSE);
INSERT INTO `mendixsystem$index` (`id`, 
`table_id`, 
`index_name`)
 VALUES ('ad1ffa6f-d50a-3689-a953-1cbf49d87010', 
'f377b792-b9a1-407f-9d4a-d0fd188f64c2', 
'idx_mxmodelreflection$mxobjectenumcaptions_system$owner');
INSERT INTO `mendixsystem$index_column` (`index_id`, 
`column_id`, 
`sort_order`, 
`ordinal`)
 VALUES ('ad1ffa6f-d50a-3689-a953-1cbf49d87010', 
'c7efa1db-b8c5-3626-955f-3c796ca329e6', 
FALSE, 
0);
INSERT INTO `mendixsystem$index` (`id`, 
`table_id`, 
`index_name`)
 VALUES ('3b5fbf43-8c33-3e6e-9b37-119845e42a61', 
'f377b792-b9a1-407f-9d4a-d0fd188f64c2', 
'idx_mxmodelreflection$mxobjectenumcaptions_system$changedby');
INSERT INTO `mendixsystem$index_column` (`index_id`, 
`column_id`, 
`sort_order`, 
`ordinal`)
 VALUES ('3b5fbf43-8c33-3e6e-9b37-119845e42a61', 
'ca6f0194-57e4-3e66-873b-0313a6f3a1ff', 
FALSE, 
0);
INSERT INTO `mendixsystem$association` (`id`, 
`association_name`, 
`table_name`, 
`parent_entity_id`, 
`child_entity_id`, 
`parent_column_name`, 
`child_column_name`)
 VALUES ('c7efa1db-b8c5-3626-955f-3c796ca329e6', 
'System.owner', 
'system$owner', 
'f377b792-b9a1-407f-9d4a-d0fd188f64c2', 
'282e2e60-88a5-469d-84a5-ba8d9151644f', 
'id', 
'system$owner');
INSERT INTO `mendixsystem$association` (`id`, 
`association_name`, 
`table_name`, 
`parent_entity_id`, 
`child_entity_id`, 
`parent_column_name`, 
`child_column_name`)
 VALUES ('ca6f0194-57e4-3e66-873b-0313a6f3a1ff', 
'System.changedBy', 
'system$changedby', 
'f377b792-b9a1-407f-9d4a-d0fd188f64c2', 
'282e2e60-88a5-469d-84a5-ba8d9151644f', 
'id', 
'system$changedby');
CREATE TABLE `mxmodelreflection$module` (
	`id` BIGINT NOT NULL,
	`synchronizeobjectswithinmodule` BOOL NULL,
	`modulename` NVARCHAR(200) NULL,
	PRIMARY KEY(`id`));
INSERT INTO `mendixsystem$entity` (`id`, 
`entity_name`, 
`table_name`)
 VALUES ('cb86f0bf-a03a-4978-887c-bde9ea247fea', 
'MxModelReflection.Module', 
'mxmodelreflection$module');
INSERT INTO `mendixsystem$attribute` (`id`, 
`entity_id`, 
`attribute_name`, 
`column_name`, 
`type`, 
`length`, 
`default_value`, 
`is_auto_number`)
 VALUES ('7b7a3f0e-1357-4abf-a09c-cfc66570856d', 
'cb86f0bf-a03a-4978-887c-bde9ea247fea', 
'SynchronizeObjectsWithinModule', 
'synchronizeobjectswithinmodule', 
10, 
0, 
'false', 
FALSE);
INSERT INTO `mendixsystem$attribute` (`id`, 
`entity_id`, 
`attribute_name`, 
`column_name`, 
`type`, 
`length`, 
`default_value`, 
`is_auto_number`)
 VALUES ('27d68614-6c27-4fd3-b88e-c4f3a9723831', 
'cb86f0bf-a03a-4978-887c-bde9ea247fea', 
'ModuleName', 
'modulename', 
30, 
200, 
'', 
FALSE);
CREATE TABLE `flatfileinterface$importexportdocument` (
	`id` BIGINT NOT NULL,
	PRIMARY KEY(`id`));
INSERT INTO `mendixsystem$entity` (`id`, 
`entity_name`, 
`table_name`, 
`superentity_id`)
 VALUES ('e245ae8a-1b05-40d9-a5c2-e827920f20ec', 
'FlatFileInterface.ImportExportDocument', 
'flatfileinterface$importexportdocument', 
'170ce49d-f29c-4fac-99a6-b55e8a3aeb39');
CREATE TABLE `flatfileinterface$columndefinition` (
	`id` BIGINT NOT NULL,
	`mappedattribute` NVARCHAR(200) NULL,
	`entity` NVARCHAR(200) NULL,
	`length` INT NULL,
	`skipcolumn` BOOL NULL,
	`mappedtype` NVARCHAR(11) NULL,
	`columnnumber` INT NULL,
	`startposition` INT NULL,
	`endposition` INT NULL,
	`datetimeformat` NVARCHAR(200) NULL,
	`fixedlength` BOOL NULL,
	PRIMARY KEY(`id`));
INSERT INTO `mendixsystem$entity` (`id`, 
`entity_name`, 
`table_name`)
 VALUES ('12d70a69-0332-40ce-ac74-02590262a861', 
'FlatFileInterface.ColumnDefinition', 
'flatfileinterface$columndefinition');
INSERT INTO `mendixsystem$attribute` (`id`, 
`entity_id`, 
`attribute_name`, 
`column_name`, 
`type`, 
`length`, 
`default_value`, 
`is_auto_number`)
 VALUES ('ecbe786f-cdd0-4431-863c-bde8a3460ae4', 
'12d70a69-0332-40ce-ac74-02590262a861', 
'MappedAttribute', 
'mappedattribute', 
30, 
200, 
'', 
FALSE);
INSERT INTO `mendixsystem$attribute` (`id`, 
`entity_id`, 
`attribute_name`, 
`column_name`, 
`type`, 
`length`, 
`default_value`, 
`is_auto_number`)
 VALUES ('c7c4593d-eeb9-494e-9580-1d066981269b', 
'12d70a69-0332-40ce-ac74-02590262a861', 
'Entity', 
'entity', 
30, 
200, 
'', 
FALSE);
INSERT INTO `mendixsystem$attribute` (`id`, 
`entity_id`, 
`attribute_name`, 
`column_name`, 
`type`, 
`length`, 
`default_value`, 
`is_auto_number`)
 VALUES ('d3ebb603-9f91-4f37-9680-7431a58bd92a', 
'12d70a69-0332-40ce-ac74-02590262a861', 
'Length', 
'length', 
3, 
0, 
'0', 
FALSE);
INSERT INTO `mendixsystem$attribute` (`id`, 
`entity_id`, 
`attribute_name`, 
`column_name`, 
`type`, 
`length`, 
`default_value`, 
`is_auto_number`)
 VALUES ('2e3fd34c-d1a7-4077-9acc-5cbf448c4862', 
'12d70a69-0332-40ce-ac74-02590262a861', 
'SkipColumn', 
'skipcolumn', 
10, 
0, 
'false', 
FALSE);
INSERT INTO `mendixsystem$attribute` (`id`, 
`entity_id`, 
`attribute_name`, 
`column_name`, 
`type`, 
`length`, 
`default_value`, 
`is_auto_number`)
 VALUES ('b3a65e88-7cfd-49a0-ac1b-ccadb2540c38', 
'12d70a69-0332-40ce-ac74-02590262a861', 
'MappedType', 
'mappedtype', 
40, 
11, 
'', 
FALSE);
INSERT INTO `mendixsystem$attribute` (`id`, 
`entity_id`, 
`attribute_name`, 
`column_name`, 
`type`, 
`length`, 
`default_value`, 
`is_auto_number`)
 VALUES ('7e71667f-7221-4bb1-8fbf-356c6f5e48bd', 
'12d70a69-0332-40ce-ac74-02590262a861', 
'ColumnNumber', 
'columnnumber', 
3, 
0, 
'0', 
FALSE);
INSERT INTO `mendixsystem$attribute` (`id`, 
`entity_id`, 
`attribute_name`, 
`column_name`, 
`type`, 
`length`, 
`default_value`, 
`is_auto_number`)
 VALUES ('f0a3f483-2905-4908-971b-3e1a41cdfa81', 
'12d70a69-0332-40ce-ac74-02590262a861', 
'StartPosition', 
'startposition', 
3, 
0, 
'0', 
FALSE);
INSERT INTO `mendixsystem$attribute` (`id`, 
`entity_id`, 
`attribute_name`, 
`column_name`, 
`type`, 
`length`, 
`default_value`, 
`is_auto_number`)
 VALUES ('c091e574-568b-4128-b31f-205f86ab3013', 
'12d70a69-0332-40ce-ac74-02590262a861', 
'EndPosition', 
'endposition', 
3, 
0, 
'0', 
FALSE);
INSERT INTO `mendixsystem$attribute` (`id`, 
`entity_id`, 
`attribute_name`, 
`column_name`, 
`type`, 
`length`, 
`default_value`, 
`is_auto_number`)
 VALUES ('972e0de9-0462-4dd1-baed-94b401b16d15', 
'12d70a69-0332-40ce-ac74-02590262a861', 
'DateTimeFormat', 
'datetimeformat', 
30, 
200, 
'dd-MM-yyyy HH:mm:ss', 
FALSE);
INSERT INTO `mendixsystem$attribute` (`id`, 
`entity_id`, 
`attribute_name`, 
`column_name`, 
`type`, 
`length`, 
`default_value`, 
`is_auto_number`)
 VALUES ('1b2ad020-da55-45d8-b446-49b22f963f3d', 
'12d70a69-0332-40ce-ac74-02590262a861', 
'FixedLength', 
'fixedlength', 
10, 
0, 
'false', 
FALSE);
CREATE TABLE `flatfileinterface$columndefinition_mxobjectmember` (
	`flatfileinterface$columndefinitionid` BIGINT NOT NULL,
	`mxmodelreflection$mxobjectmemberid` BIGINT NOT NULL,
	PRIMARY KEY(`flatfileinterface$columndefinitionid`,`mxmodelreflection$mxobjectmemberid`),
	CONSTRAINT `uniq_flatfileint$columndefin_mxobjectme_flatfileint$columndefini` UNIQUE (`flatfileinterface$columndefinitionid`));
CREATE INDEX `idx_flatfileinterface$columndefinition_mxobjectmember` ON `flatfileinterface$columndefinition_mxobjectmember` (`mxmodelreflection$mxobjectmemberid`,`flatfileinterface$columndefinitionid`);
INSERT INTO `mendixsystem$association` (`id`, 
`association_name`, 
`table_name`, 
`parent_entity_id`, 
`child_entity_id`, 
`parent_column_name`, 
`child_column_name`, 
`index_name`)
 VALUES ('845bb1b6-e821-407a-a093-0b9dd45e6e59', 
'FlatFileInterface.ColumnDefinition_MxObjectMember', 
'flatfileinterface$columndefinition_mxobjectmember', 
'12d70a69-0332-40ce-ac74-02590262a861', 
'8c84bd49-c7a1-45a9-85a5-0965f94260ac', 
'flatfileinterface$columndefinitionid', 
'mxmodelreflection$mxobjectmemberid', 
'idx_flatfileinterface$columndefinition_mxobjectmember');
INSERT INTO `mendixsystem$unique_constraint` (`name`, 
`table_id`, 
`column_id`)
 VALUES ('uniq_flatfileint$columndefin_mxobjectme_flatfileint$columndefini', 
'845bb1b6-e821-407a-a093-0b9dd45e6e59', 
'3643e0ca-4ccb-3450-a566-822661c8d05f');
CREATE TABLE `flatfileinterface$tempcolumndefinition_interfacedefinition` (
	`flatfileinterface$columndefinitionid` BIGINT NOT NULL,
	`flatfileinterface$interfacedefinitionid` BIGINT NOT NULL,
	PRIMARY KEY(`flatfileinterface$columndefinitionid`,`flatfileinterface$interfacedefinitionid`),
	CONSTRAINT `uniq_flatfileint$tempcolumnde_interfacede_flatfileint$columndefi` UNIQUE (`flatfileinterface$columndefinitionid`));
CREATE INDEX `idx_flatfileinterface$tempcolumndefinition_interfacedefinition` ON `flatfileinterface$tempcolumndefinition_interfacedefinition` (`flatfileinterface$interfacedefinitionid`,`flatfileinterface$columndefinitionid`);
INSERT INTO `mendixsystem$association` (`id`, 
`association_name`, 
`table_name`, 
`parent_entity_id`, 
`child_entity_id`, 
`parent_column_name`, 
`child_column_name`, 
`index_name`)
 VALUES ('569e4db6-932e-43b8-96a5-ed2b2a9500cf', 
'FlatFileInterface.TempColumnDefinition_InterfaceDefinition', 
'flatfileinterface$tempcolumndefinition_interfacedefinition', 
'12d70a69-0332-40ce-ac74-02590262a861', 
'90e4de93-cab2-4129-ac86-828f072d9d66', 
'flatfileinterface$columndefinitionid', 
'flatfileinterface$interfacedefinitionid', 
'idx_flatfileinterface$tempcolumndefinition_interfacedefinition');
INSERT INTO `mendixsystem$unique_constraint` (`name`, 
`table_id`, 
`column_id`)
 VALUES ('uniq_flatfileint$tempcolumnde_interfacede_flatfileint$columndefi', 
'569e4db6-932e-43b8-96a5-ed2b2a9500cf', 
'ecc3bc59-6ad2-33b4-9dbd-c56c9a4cac87');
CREATE TABLE `flatfileinterface$logmessage` (
	`id` BIGINT NOT NULL,
	`logtoconsole` BOOL NULL,
	`createddate` DATETIME NULL,
	`message` LONGTEXT CHARSET utf8 NULL,
	`stacktrace` LONGTEXT CHARSET utf8 NULL,
	`messagetype` NVARCHAR(7) NULL,
	PRIMARY KEY(`id`));
INSERT INTO `mendixsystem$entity` (`id`, 
`entity_name`, 
`table_name`)
 VALUES ('4c79f40c-63b0-48cb-8f3e-ccf55b8fd594', 
'FlatFileInterface.LogMessage', 
'flatfileinterface$logmessage');
INSERT INTO `mendixsystem$attribute` (`id`, 
`entity_id`, 
`attribute_name`, 
`column_name`, 
`type`, 
`length`, 
`default_value`, 
`is_auto_number`)
 VALUES ('41b57c5b-6558-4bac-ba4e-9b77e9602f39', 
'4c79f40c-63b0-48cb-8f3e-ccf55b8fd594', 
'LogToConsole', 
'logtoconsole', 
10, 
0, 
'false', 
FALSE);
INSERT INTO `mendixsystem$attribute` (`id`, 
`entity_id`, 
`attribute_name`, 
`column_name`, 
`type`, 
`length`, 
`default_value`, 
`is_auto_number`)
 VALUES ('9a10fd05-7d57-3109-ac79-128c785608f2', 
'4c79f40c-63b0-48cb-8f3e-ccf55b8fd594', 
'createdDate', 
'createddate', 
20, 
0, 
'', 
FALSE);
INSERT INTO `mendixsystem$attribute` (`id`, 
`entity_id`, 
`attribute_name`, 
`column_name`, 
`type`, 
`length`, 
`default_value`, 
`is_auto_number`)
 VALUES ('eabb6e3a-faf4-4a04-b986-790f7b43c163', 
'4c79f40c-63b0-48cb-8f3e-ccf55b8fd594', 
'Message', 
'message', 
30, 
0, 
'', 
FALSE);
INSERT INTO `mendixsystem$attribute` (`id`, 
`entity_id`, 
`attribute_name`, 
`column_name`, 
`type`, 
`length`, 
`default_value`, 
`is_auto_number`)
 VALUES ('2b9acfeb-7c9d-4255-a287-fe210b8fcb0f', 
'4c79f40c-63b0-48cb-8f3e-ccf55b8fd594', 
'StackTrace', 
'stacktrace', 
30, 
0, 
'', 
FALSE);
INSERT INTO `mendixsystem$attribute` (`id`, 
`entity_id`, 
`attribute_name`, 
`column_name`, 
`type`, 
`length`, 
`default_value`, 
`is_auto_number`)
 VALUES ('e2ff29df-f67c-4f6f-9455-dc9dc2674e0e', 
'4c79f40c-63b0-48cb-8f3e-ccf55b8fd594', 
'MessageType', 
'messagetype', 
40, 
7, 
'', 
FALSE);
CREATE TABLE `flatfileinterface$logmessage_log` (
	`flatfileinterface$logmessageid` BIGINT NOT NULL,
	`flatfileinterface$logid` BIGINT NOT NULL,
	PRIMARY KEY(`flatfileinterface$logmessageid`,`flatfileinterface$logid`),
	CONSTRAINT `uniq_flatfileinterfa$logmessage_log_flatfileinterfa$logmessageid` UNIQUE (`flatfileinterface$logmessageid`));
CREATE INDEX `idx_flatfileinterface$logmessage_log` ON `flatfileinterface$logmessage_log` (`flatfileinterface$logid`,`flatfileinterface$logmessageid`);
INSERT INTO `mendixsystem$association` (`id`, 
`association_name`, 
`table_name`, 
`parent_entity_id`, 
`child_entity_id`, 
`parent_column_name`, 
`child_column_name`, 
`index_name`)
 VALUES ('da18844b-64a9-49cd-8343-aeccb96b4f29', 
'FlatFileInterface.LogMessage_Log', 
'flatfileinterface$logmessage_log', 
'4c79f40c-63b0-48cb-8f3e-ccf55b8fd594', 
'81b2aefd-664e-40a5-9eb9-c6eb8c5236a9', 
'flatfileinterface$logmessageid', 
'flatfileinterface$logid', 
'idx_flatfileinterface$logmessage_log');
INSERT INTO `mendixsystem$unique_constraint` (`name`, 
`table_id`, 
`column_id`)
 VALUES ('uniq_flatfileinterfa$logmessage_log_flatfileinterfa$logmessageid', 
'da18844b-64a9-49cd-8343-aeccb96b4f29', 
'ff35b192-7254-3b44-890b-ee58c4f91b51');
CREATE TABLE `mxmodelreflection$mxobjecttype` (
	`id` BIGINT NOT NULL,
	`changeddate` DATETIME NULL,
	`createddate` DATETIME NULL,
	`persistencetype` NVARCHAR(14) NULL,
	`completename` NVARCHAR(200) NULL,
	`module` NVARCHAR(200) NULL,
	`name` NVARCHAR(200) NULL,
	`readablename` NVARCHAR(400) NULL,
	`system$changedby` BIGINT NULL,
	`system$owner` BIGINT NULL,
	PRIMARY KEY(`id`));
CREATE INDEX `idx_mxmodelreflection$mxobjecttype_system$changedby` ON `mxmodelreflection$mxobjecttype` (`system$changedby`,`id`);
CREATE INDEX `idx_mxmodelreflection$mxobjecttype_system$owner` ON `mxmodelreflection$mxobjecttype` (`system$owner`,`id`);
INSERT INTO `mendixsystem$entity` (`id`, 
`entity_name`, 
`table_name`)
 VALUES ('3a63aadf-1fcc-48d3-bc92-97409552c7a0', 
'MxModelReflection.MxObjectType', 
'mxmodelreflection$mxobjecttype');
INSERT INTO `mendixsystem$attribute` (`id`, 
`entity_id`, 
`attribute_name`, 
`column_name`, 
`type`, 
`length`, 
`default_value`, 
`is_auto_number`)
 VALUES ('3eef18d3-10db-3e57-924d-fd68e65319e0', 
'3a63aadf-1fcc-48d3-bc92-97409552c7a0', 
'changedDate', 
'changeddate', 
20, 
0, 
'', 
FALSE);
INSERT INTO `mendixsystem$attribute` (`id`, 
`entity_id`, 
`attribute_name`, 
`column_name`, 
`type`, 
`length`, 
`default_value`, 
`is_auto_number`)
 VALUES ('60d5f4f0-7cc8-3f35-9d44-cdfdb44721a0', 
'3a63aadf-1fcc-48d3-bc92-97409552c7a0', 
'createdDate', 
'createddate', 
20, 
0, 
'', 
FALSE);
INSERT INTO `mendixsystem$attribute` (`id`, 
`entity_id`, 
`attribute_name`, 
`column_name`, 
`type`, 
`length`, 
`default_value`, 
`is_auto_number`)
 VALUES ('26612cfb-9201-40be-b56f-13d5597caef5', 
'3a63aadf-1fcc-48d3-bc92-97409552c7a0', 
'PersistenceType', 
'persistencetype', 
40, 
14, 
'Persistable', 
FALSE);
INSERT INTO `mendixsystem$attribute` (`id`, 
`entity_id`, 
`attribute_name`, 
`column_name`, 
`type`, 
`length`, 
`default_value`, 
`is_auto_number`)
 VALUES ('e5cd4a5c-ae3c-45d3-a9f5-76aa6b056cd8', 
'3a63aadf-1fcc-48d3-bc92-97409552c7a0', 
'CompleteName', 
'completename', 
30, 
200, 
'', 
FALSE);
INSERT INTO `mendixsystem$attribute` (`id`, 
`entity_id`, 
`attribute_name`, 
`column_name`, 
`type`, 
`length`, 
`default_value`, 
`is_auto_number`)
 VALUES ('1a571b91-7385-4bcb-ab70-7f634159a143', 
'3a63aadf-1fcc-48d3-bc92-97409552c7a0', 
'Module', 
'module', 
30, 
200, 
'', 
FALSE);
INSERT INTO `mendixsystem$attribute` (`id`, 
`entity_id`, 
`attribute_name`, 
`column_name`, 
`type`, 
`length`, 
`default_value`, 
`is_auto_number`)
 VALUES ('2ef702e7-ee7c-4aaa-956f-1f294780d369', 
'3a63aadf-1fcc-48d3-bc92-97409552c7a0', 
'Name', 
'name', 
30, 
200, 
'', 
FALSE);
INSERT INTO `mendixsystem$attribute` (`id`, 
`entity_id`, 
`attribute_name`, 
`column_name`, 
`type`, 
`length`, 
`default_value`, 
`is_auto_number`)
 VALUES ('9a114d44-b8ac-4924-b87b-57ba6b799716', 
'3a63aadf-1fcc-48d3-bc92-97409552c7a0', 
'ReadableName', 
'readablename', 
30, 
400, 
'', 
FALSE);
INSERT INTO `mendixsystem$index` (`id`, 
`table_id`, 
`index_name`)
 VALUES ('d7fd11eb-457f-37c4-bf7a-9ca98aa77eaf', 
'3a63aadf-1fcc-48d3-bc92-97409552c7a0', 
'idx_mxmodelreflection$mxobjecttype_system$changedby');
INSERT INTO `mendixsystem$index_column` (`index_id`, 
`column_id`, 
`sort_order`, 
`ordinal`)
 VALUES ('d7fd11eb-457f-37c4-bf7a-9ca98aa77eaf', 
'3b6fa90e-d195-3e49-b106-bdcee910ae41', 
FALSE, 
0);
INSERT INTO `mendixsystem$index` (`id`, 
`table_id`, 
`index_name`)
 VALUES ('592c7e6d-3188-35f0-8b08-ef12ea875437', 
'3a63aadf-1fcc-48d3-bc92-97409552c7a0', 
'idx_mxmodelreflection$mxobjecttype_system$owner');
INSERT INTO `mendixsystem$index_column` (`index_id`, 
`column_id`, 
`sort_order`, 
`ordinal`)
 VALUES ('592c7e6d-3188-35f0-8b08-ef12ea875437', 
'6431891b-7e59-3cbb-8cf4-431219c4032d', 
FALSE, 
0);
INSERT INTO `mendixsystem$association` (`id`, 
`association_name`, 
`table_name`, 
`parent_entity_id`, 
`child_entity_id`, 
`parent_column_name`, 
`child_column_name`)
 VALUES ('3b6fa90e-d195-3e49-b106-bdcee910ae41', 
'System.changedBy', 
'system$changedby', 
'3a63aadf-1fcc-48d3-bc92-97409552c7a0', 
'282e2e60-88a5-469d-84a5-ba8d9151644f', 
'id', 
'system$changedby');
INSERT INTO `mendixsystem$association` (`id`, 
`association_name`, 
`table_name`, 
`parent_entity_id`, 
`child_entity_id`, 
`parent_column_name`, 
`child_column_name`)
 VALUES ('6431891b-7e59-3cbb-8cf4-431219c4032d', 
'System.owner', 
'system$owner', 
'3a63aadf-1fcc-48d3-bc92-97409552c7a0', 
'282e2e60-88a5-469d-84a5-ba8d9151644f', 
'id', 
'system$owner');
CREATE TABLE `mxmodelreflection$mxobjecttype_subclassof_mxobjecttype` (
	`mxmodelreflection$mxobjecttypeid1` BIGINT NOT NULL,
	`mxmodelreflection$mxobjecttypeid2` BIGINT NOT NULL,
	PRIMARY KEY(`mxmodelreflection$mxobjecttypeid1`,`mxmodelreflection$mxobjecttypeid2`));
CREATE INDEX `idx_mxmodelreflection$mxobjecttype_subclassof_mxobjecttype` ON `mxmodelreflection$mxobjecttype_subclassof_mxobjecttype` (`mxmodelreflection$mxobjecttypeid2`,`mxmodelreflection$mxobjecttypeid1`);
INSERT INTO `mendixsystem$association` (`id`, 
`association_name`, 
`table_name`, 
`parent_entity_id`, 
`child_entity_id`, 
`parent_column_name`, 
`child_column_name`, 
`index_name`)
 VALUES ('fb2e373d-790e-4e87-b474-4b22b473ff4d', 
'MxModelReflection.MxObjectType_SubClassOf_MxObjectType', 
'mxmodelreflection$mxobjecttype_subclassof_mxobjecttype', 
'3a63aadf-1fcc-48d3-bc92-97409552c7a0', 
'3a63aadf-1fcc-48d3-bc92-97409552c7a0', 
'mxmodelreflection$mxobjecttypeid1', 
'mxmodelreflection$mxobjecttypeid2', 
'idx_mxmodelreflection$mxobjecttype_subclassof_mxobjecttype');
CREATE TABLE `mxmodelreflection$mxobjecttype_module` (
	`mxmodelreflection$mxobjecttypeid` BIGINT NOT NULL,
	`mxmodelreflection$moduleid` BIGINT NOT NULL,
	PRIMARY KEY(`mxmodelreflection$mxobjecttypeid`,`mxmodelreflection$moduleid`),
	CONSTRAINT `uniq_mxmodelreflect$mxobjectty_module_mxmodelreflect$mxobjecttyp` UNIQUE (`mxmodelreflection$mxobjecttypeid`));
CREATE INDEX `idx_mxmodelreflection$mxobjecttype_module` ON `mxmodelreflection$mxobjecttype_module` (`mxmodelreflection$moduleid`,`mxmodelreflection$mxobjecttypeid`);
INSERT INTO `mendixsystem$association` (`id`, 
`association_name`, 
`table_name`, 
`parent_entity_id`, 
`child_entity_id`, 
`parent_column_name`, 
`child_column_name`, 
`index_name`)
 VALUES ('31fb2078-1b21-4765-bdef-42b1e7fb7657', 
'MxModelReflection.MxObjectType_Module', 
'mxmodelreflection$mxobjecttype_module', 
'3a63aadf-1fcc-48d3-bc92-97409552c7a0', 
'cb86f0bf-a03a-4978-887c-bde9ea247fea', 
'mxmodelreflection$mxobjecttypeid', 
'mxmodelreflection$moduleid', 
'idx_mxmodelreflection$mxobjecttype_module');
INSERT INTO `mendixsystem$unique_constraint` (`name`, 
`table_id`, 
`column_id`)
 VALUES ('uniq_mxmodelreflect$mxobjectty_module_mxmodelreflect$mxobjecttyp', 
'31fb2078-1b21-4765-bdef-42b1e7fb7657', 
'710f1add-b51c-39e8-959b-03cc95a5f1cf');
UPDATE `mendixsystem$version`
 SET `versionnumber` = '4.2', 
`lastsyncdate` = '20171130 09:32:04';
