CREATE TABLE `mendixsystem$entity` (
	`id` NVARCHAR(36) NOT NULL,
	`entity_name` NVARCHAR(511) NOT NULL,
	`table_name` NVARCHAR(255) NOT NULL,
	`superentity_id` NVARCHAR(255) NULL,
	PRIMARY KEY(`id`));
CREATE INDEX `idx_mendixsystem$entity_entity_name` ON `mendixsystem$entity` (`entity_name`);
CREATE TABLE `mendixsystem$attribute` (
	`id` NVARCHAR(36) NOT NULL,
	`entity_id` NVARCHAR(255) NOT NULL,
	`attribute_name` NVARCHAR(255) NOT NULL,
	`column_name` NVARCHAR(255) NOT NULL,
	`type` INT NOT NULL,
	`length` INT NULL,
	`default_value` LONGTEXT CHARSET utf8 NULL,
	`is_auto_number` BOOL NOT NULL,
	PRIMARY KEY(`id`));
CREATE TABLE `mendixsystem$index` (
	`id` NVARCHAR(36) NOT NULL,
	`table_id` NVARCHAR(36) NOT NULL,
	`index_name` NVARCHAR(255) NOT NULL,
	PRIMARY KEY(`id`));
CREATE TABLE `mendixsystem$index_column` (
	`index_id` NVARCHAR(36) NOT NULL,
	`column_id` NVARCHAR(36) NOT NULL,
	`sort_order` BOOL NOT NULL,
	`ordinal` INT NOT NULL,
	PRIMARY KEY(`index_id`,`column_id`));
CREATE TABLE `mendixsystem$association` (
	`id` NVARCHAR(36) NOT NULL,
	`association_name` NVARCHAR(511) NOT NULL,
	`table_name` NVARCHAR(255) NOT NULL,
	`parent_entity_id` NVARCHAR(36) NOT NULL,
	`child_entity_id` NVARCHAR(36) NOT NULL,
	`parent_column_name` NVARCHAR(255) NOT NULL,
	`child_column_name` NVARCHAR(255) NOT NULL,
	`pk_index_name` NVARCHAR(255) NULL,
	`index_name` NVARCHAR(255) NULL,
	PRIMARY KEY(`id`));
CREATE TABLE `mendixsystem$version` (
	`versionnumber` NVARCHAR(255) NOT NULL,
	`lastsyncdate` DATETIME NOT NULL,
	`preanalysismigrationversionnumber` NVARCHAR(255) NOT NULL,
	`modelversionnumber` NVARCHAR(255) NULL,
	`sprintrprojectname` NVARCHAR(511) NULL,
	PRIMARY KEY(`versionnumber`));
CREATE TABLE `mendixsystem$sequence` (
	`name` NVARCHAR(255) NOT NULL,
	`attribute_id` NVARCHAR(36) NOT NULL,
	`start_value` BIGINT NOT NULL,
	`current_value` BIGINT NULL,
	PRIMARY KEY(`attribute_id`));
CREATE INDEX `idx_mendixsystem$sequence_name` ON `mendixsystem$sequence` (`name`);
CREATE TABLE `mendixsystem$entityidentifier` (
	`id` NVARCHAR(36) NOT NULL,
	`short_id` SMALLINT NULL,
	`object_sequence` BIGINT NULL,
	PRIMARY KEY(`id`));
CREATE INDEX `idx_mendixsystem$entityidentifier_short_id` ON `mendixsystem$entityidentifier` (`short_id`);
CREATE TABLE `mendixsystem$properties` (
	`key` NVARCHAR(200) NOT NULL,
	`value` NVARCHAR(200) NOT NULL,
	PRIMARY KEY(`key`));
CREATE TABLE `mendixsystem$unique_constraint` (
	`name` NVARCHAR(255) NOT NULL,
	`table_id` NVARCHAR(36) NOT NULL,
	`column_id` NVARCHAR(36) NOT NULL,
	PRIMARY KEY(`name`,`column_id`));
CREATE TABLE `system$user` (
	`id` BIGINT NOT NULL,
	`changeddate` DATETIME NULL,
	`active` BOOL NULL,
	`createddate` DATETIME NULL,
	`lastlogin` DATETIME NULL,
	`webserviceuser` BOOL NULL,
	`isanonymous` BOOL NULL,
	`failedlogins` INT NULL,
	`blocked` BOOL NULL,
	`name` NVARCHAR(100) NULL,
	`password` NVARCHAR(200) NULL,
	`submetaobjectname` NVARCHAR(255) NULL,
	`system$changedby` BIGINT NULL,
	`system$owner` BIGINT NULL,
	PRIMARY KEY(`id`),
	CONSTRAINT `uniq_system$user_name` UNIQUE (`name`));
CREATE INDEX `idx_system$user_name` ON `system$user` (`name`,`id`);
CREATE INDEX `idx_system$user_submetaobjectname` ON `system$user` (`submetaobjectname`,`id`);
CREATE INDEX `idx_system$user_system$changedby` ON `system$user` (`system$changedby`,`id`);
CREATE INDEX `idx_system$user_system$owner` ON `system$user` (`system$owner`,`id`);
INSERT INTO `mendixsystem$entity` (`id`, 
`entity_name`, 
`table_name`)
 VALUES ('282e2e60-88a5-469d-84a5-ba8d9151644f', 
'System.User', 
'system$user');
INSERT INTO `mendixsystem$attribute` (`id`, 
`entity_id`, 
`attribute_name`, 
`column_name`, 
`type`, 
`length`, 
`default_value`, 
`is_auto_number`)
 VALUES ('e9446b4c-b0f6-3f04-8b0a-264d2384b449', 
'282e2e60-88a5-469d-84a5-ba8d9151644f', 
'changedDate', 
'changeddate', 
20, 
0, 
'', 
FALSE);
INSERT INTO `mendixsystem$attribute` (`id`, 
`entity_id`, 
`attribute_name`, 
`column_name`, 
`type`, 
`length`, 
`default_value`, 
`is_auto_number`)
 VALUES ('b22d0982-fbee-43a7-8d20-c200d319a3e5', 
'282e2e60-88a5-469d-84a5-ba8d9151644f', 
'Active', 
'active', 
10, 
0, 
'true', 
FALSE);
INSERT INTO `mendixsystem$attribute` (`id`, 
`entity_id`, 
`attribute_name`, 
`column_name`, 
`type`, 
`length`, 
`default_value`, 
`is_auto_number`)
 VALUES ('9c09d4eb-9c9c-303e-951e-8c3ea32db37a', 
'282e2e60-88a5-469d-84a5-ba8d9151644f', 
'createdDate', 
'createddate', 
20, 
0, 
'', 
FALSE);
INSERT INTO `mendixsystem$attribute` (`id`, 
`entity_id`, 
`attribute_name`, 
`column_name`, 
`type`, 
`length`, 
`default_value`, 
`is_auto_number`)
 VALUES ('040db5be-7810-48b3-a569-516191e8803d', 
'282e2e60-88a5-469d-84a5-ba8d9151644f', 
'LastLogin', 
'lastlogin', 
20, 
0, 
'', 
FALSE);
INSERT INTO `mendixsystem$attribute` (`id`, 
`entity_id`, 
`attribute_name`, 
`column_name`, 
`type`, 
`length`, 
`default_value`, 
`is_auto_number`)
 VALUES ('15e3e13d-2df6-4d8a-a1cc-58eea4cec602', 
'282e2e60-88a5-469d-84a5-ba8d9151644f', 
'WebServiceUser', 
'webserviceuser', 
10, 
0, 
'false', 
FALSE);
INSERT INTO `mendixsystem$attribute` (`id`, 
`entity_id`, 
`attribute_name`, 
`column_name`, 
`type`, 
`length`, 
`default_value`, 
`is_auto_number`)
 VALUES ('28d526e0-915b-466f-80c8-56af32ece225', 
'282e2e60-88a5-469d-84a5-ba8d9151644f', 
'IsAnonymous', 
'isanonymous', 
10, 
0, 
'false', 
FALSE);
INSERT INTO `mendixsystem$attribute` (`id`, 
`entity_id`, 
`attribute_name`, 
`column_name`, 
`type`, 
`length`, 
`default_value`, 
`is_auto_number`)
 VALUES ('84845531-dbd9-4e00-8afb-c2adc08699bb', 
'282e2e60-88a5-469d-84a5-ba8d9151644f', 
'FailedLogins', 
'failedlogins', 
3, 
0, 
'0', 
FALSE);
INSERT INTO `mendixsystem$attribute` (`id`, 
`entity_id`, 
`attribute_name`, 
`column_name`, 
`type`, 
`length`, 
`default_value`, 
`is_auto_number`)
 VALUES ('d149bcc3-5e80-46da-ac3f-ee734a64cce1', 
'282e2e60-88a5-469d-84a5-ba8d9151644f', 
'Blocked', 
'blocked', 
10, 
0, 
'false', 
FALSE);
INSERT INTO `mendixsystem$attribute` (`id`, 
`entity_id`, 
`attribute_name`, 
`column_name`, 
`type`, 
`length`, 
`default_value`, 
`is_auto_number`)
 VALUES ('69acb4a2-be26-4cc5-902a-a8591d357510', 
'282e2e60-88a5-469d-84a5-ba8d9151644f', 
'Name', 
'name', 
30, 
100, 
'', 
FALSE);
INSERT INTO `mendixsystem$attribute` (`id`, 
`entity_id`, 
`attribute_name`, 
`column_name`, 
`type`, 
`length`, 
`default_value`, 
`is_auto_number`)
 VALUES ('ef366bc1-ac94-4fd6-bafd-7cee2be459e6', 
'282e2e60-88a5-469d-84a5-ba8d9151644f', 
'Password', 
'password', 
30, 
200, 
'', 
FALSE);
INSERT INTO `mendixsystem$attribute` (`id`, 
`entity_id`, 
`attribute_name`, 
`column_name`, 
`type`, 
`length`, 
`default_value`, 
`is_auto_number`)
 VALUES ('c2dd7e10-28b4-304c-9ddf-104be6be9cde', 
'282e2e60-88a5-469d-84a5-ba8d9151644f', 
'submetaobjectname', 
'submetaobjectname', 
30, 
255, 
'System.User', 
FALSE);
INSERT INTO `mendixsystem$index` (`id`, 
`table_id`, 
`index_name`)
 VALUES ('5711e9d5-7b67-4579-b730-2ed0b852b799', 
'282e2e60-88a5-469d-84a5-ba8d9151644f', 
'idx_system$user_name');
INSERT INTO `mendixsystem$index_column` (`index_id`, 
`column_id`, 
`sort_order`, 
`ordinal`)
 VALUES ('5711e9d5-7b67-4579-b730-2ed0b852b799', 
'69acb4a2-be26-4cc5-902a-a8591d357510', 
FALSE, 
0);
INSERT INTO `mendixsystem$index` (`id`, 
`table_id`, 
`index_name`)
 VALUES ('d45d41fb-40ec-3b91-becf-455eb7f35bff', 
'282e2e60-88a5-469d-84a5-ba8d9151644f', 
'idx_system$user_submetaobjectname');
INSERT INTO `mendixsystem$index_column` (`index_id`, 
`column_id`, 
`sort_order`, 
`ordinal`)
 VALUES ('d45d41fb-40ec-3b91-becf-455eb7f35bff', 
'c2dd7e10-28b4-304c-9ddf-104be6be9cde', 
FALSE, 
0);
INSERT INTO `mendixsystem$index` (`id`, 
`table_id`, 
`index_name`)
 VALUES ('291e0cde-0e23-351e-8001-6240437d1e0e', 
'282e2e60-88a5-469d-84a5-ba8d9151644f', 
'idx_system$user_system$changedby');
INSERT INTO `mendixsystem$index_column` (`index_id`, 
`column_id`, 
`sort_order`, 
`ordinal`)
 VALUES ('291e0cde-0e23-351e-8001-6240437d1e0e', 
'6013226d-aeae-3cd2-acec-d95d8bd5c3ad', 
FALSE, 
0);
INSERT INTO `mendixsystem$index` (`id`, 
`table_id`, 
`index_name`)
 VALUES ('3515901d-e8f5-3173-87bb-11ae532c243e', 
'282e2e60-88a5-469d-84a5-ba8d9151644f', 
'idx_system$user_system$owner');
INSERT INTO `mendixsystem$index_column` (`index_id`, 
`column_id`, 
`sort_order`, 
`ordinal`)
 VALUES ('3515901d-e8f5-3173-87bb-11ae532c243e', 
'07738295-23fe-3fc1-832b-ed18b22727f0', 
FALSE, 
0);
INSERT INTO `mendixsystem$unique_constraint` (`name`, 
`table_id`, 
`column_id`)
 VALUES ('uniq_system$user_name', 
'282e2e60-88a5-469d-84a5-ba8d9151644f', 
'69acb4a2-be26-4cc5-902a-a8591d357510');
INSERT INTO `mendixsystem$association` (`id`, 
`association_name`, 
`table_name`, 
`parent_entity_id`, 
`child_entity_id`, 
`parent_column_name`, 
`child_column_name`)
 VALUES ('6013226d-aeae-3cd2-acec-d95d8bd5c3ad', 
'System.changedBy', 
'system$changedby', 
'282e2e60-88a5-469d-84a5-ba8d9151644f', 
'282e2e60-88a5-469d-84a5-ba8d9151644f', 
'id', 
'system$changedby');
INSERT INTO `mendixsystem$association` (`id`, 
`association_name`, 
`table_name`, 
`parent_entity_id`, 
`child_entity_id`, 
`parent_column_name`, 
`child_column_name`)
 VALUES ('07738295-23fe-3fc1-832b-ed18b22727f0', 
'System.owner', 
'system$owner', 
'282e2e60-88a5-469d-84a5-ba8d9151644f', 
'282e2e60-88a5-469d-84a5-ba8d9151644f', 
'id', 
'system$owner');
CREATE TABLE `system$user_timezone` (
	`system$userid` BIGINT NOT NULL,
	`system$timezoneid` BIGINT NOT NULL,
	PRIMARY KEY(`system$userid`,`system$timezoneid`),
	CONSTRAINT `uniq_system$user_timezone_system$userid` UNIQUE (`system$userid`));
CREATE INDEX `idx_system$user_timezone_system$timezone_system$user` ON `system$user_timezone` (`system$timezoneid`,`system$userid`);
INSERT INTO `mendixsystem$association` (`id`, 
`association_name`, 
`table_name`, 
`parent_entity_id`, 
`child_entity_id`, 
`parent_column_name`, 
`child_column_name`, 
`index_name`)
 VALUES ('bab4a1ab-7d40-47d5-8f21-fc99d089211d', 
'System.User_TimeZone', 
'system$user_timezone', 
'282e2e60-88a5-469d-84a5-ba8d9151644f', 
'7f7c72af-1ab7-4bf9-bed6-16db5c8fcf6f', 
'system$userid', 
'system$timezoneid', 
'idx_system$user_timezone_system$timezone_system$user');
INSERT INTO `mendixsystem$unique_constraint` (`name`, 
`table_id`, 
`column_id`)
 VALUES ('uniq_system$user_timezone_system$userid', 
'bab4a1ab-7d40-47d5-8f21-fc99d089211d', 
'61482ff9-64e6-366d-9055-524387b93b37');
CREATE TABLE `system$userroles` (
	`system$userid` BIGINT NOT NULL,
	`system$userroleid` BIGINT NOT NULL,
	PRIMARY KEY(`system$userid`,`system$userroleid`));
CREATE INDEX `idx_system$userroles_system$userrole_system$user` ON `system$userroles` (`system$userroleid`,`system$userid`);
INSERT INTO `mendixsystem$association` (`id`, 
`association_name`, 
`table_name`, 
`parent_entity_id`, 
`child_entity_id`, 
`parent_column_name`, 
`child_column_name`, 
`index_name`)
 VALUES ('6adaf137-4299-435e-9475-a871a4f21471', 
'System.UserRoles', 
'system$userroles', 
'282e2e60-88a5-469d-84a5-ba8d9151644f', 
'92ef30a6-de04-423c-84fd-a21e9b9eeae2', 
'system$userid', 
'system$userroleid', 
'idx_system$userroles_system$userrole_system$user');
CREATE TABLE `system$user_language` (
	`system$userid` BIGINT NOT NULL,
	`system$languageid` BIGINT NOT NULL,
	PRIMARY KEY(`system$userid`,`system$languageid`),
	CONSTRAINT `uniq_system$user_language_system$userid` UNIQUE (`system$userid`));
CREATE INDEX `idx_system$user_language_system$language_system$user` ON `system$user_language` (`system$languageid`,`system$userid`);
INSERT INTO `mendixsystem$association` (`id`, 
`association_name`, 
`table_name`, 
`parent_entity_id`, 
`child_entity_id`, 
`parent_column_name`, 
`child_column_name`, 
`index_name`)
 VALUES ('00640985-3c73-4b15-9705-d4ec3ff58e6b', 
'System.User_Language', 
'system$user_language', 
'282e2e60-88a5-469d-84a5-ba8d9151644f', 
'76805df3-dede-435f-92a6-d6525c68a693', 
'system$userid', 
'system$languageid', 
'idx_system$user_language_system$language_system$user');
INSERT INTO `mendixsystem$unique_constraint` (`name`, 
`table_id`, 
`column_id`)
 VALUES ('uniq_system$user_language_system$userid', 
'00640985-3c73-4b15-9705-d4ec3ff58e6b', 
'37d87db4-942f-301e-b1d7-ca1c940655fa');
CREATE TABLE `system$xasinstance` (
	`id` BIGINT NOT NULL,
	`xasid` NVARCHAR(50) NULL,
	`createddate` DATETIME NULL,
	`lastupdate` DATETIME NULL,
	`allowednumberofconcurrentusers` INT NULL,
	`customername` NVARCHAR(200) NULL,
	`partnername` NVARCHAR(200) NULL,
	PRIMARY KEY(`id`));
INSERT INTO `mendixsystem$entity` (`id`, 
`entity_name`, 
`table_name`)
 VALUES ('d4154981-8dac-4150-aec5-efa3ef62a7a2', 
'System.XASInstance', 
'system$xasinstance');
INSERT INTO `mendixsystem$attribute` (`id`, 
`entity_id`, 
`attribute_name`, 
`column_name`, 
`type`, 
`length`, 
`default_value`, 
`is_auto_number`)
 VALUES ('91b58eb9-c16c-4e33-b66b-28489e7fb783', 
'd4154981-8dac-4150-aec5-efa3ef62a7a2', 
'XASId', 
'xasid', 
30, 
50, 
'', 
FALSE);
INSERT INTO `mendixsystem$attribute` (`id`, 
`entity_id`, 
`attribute_name`, 
`column_name`, 
`type`, 
`length`, 
`default_value`, 
`is_auto_number`)
 VALUES ('65b02632-d981-3a1c-8ec5-2a36fe6fd7d8', 
'd4154981-8dac-4150-aec5-efa3ef62a7a2', 
'createdDate', 
'createddate', 
20, 
0, 
'', 
FALSE);
INSERT INTO `mendixsystem$attribute` (`id`, 
`entity_id`, 
`attribute_name`, 
`column_name`, 
`type`, 
`length`, 
`default_value`, 
`is_auto_number`)
 VALUES ('0c4060ab-4901-419c-a184-81f20fa0460e', 
'd4154981-8dac-4150-aec5-efa3ef62a7a2', 
'LastUpdate', 
'lastupdate', 
20, 
0, 
'', 
FALSE);
INSERT INTO `mendixsystem$attribute` (`id`, 
`entity_id`, 
`attribute_name`, 
`column_name`, 
`type`, 
`length`, 
`default_value`, 
`is_auto_number`)
 VALUES ('2dbe88f5-2b15-4ec3-b295-2e2b496a1ebd', 
'd4154981-8dac-4150-aec5-efa3ef62a7a2', 
'AllowedNumberOfConcurrentUsers', 
'allowednumberofconcurrentusers', 
3, 
0, 
'', 
FALSE);
INSERT INTO `mendixsystem$attribute` (`id`, 
`entity_id`, 
`attribute_name`, 
`column_name`, 
`type`, 
`length`, 
`default_value`, 
`is_auto_number`)
 VALUES ('7ca1bcd3-9355-472f-9e3f-4440366297d6', 
'd4154981-8dac-4150-aec5-efa3ef62a7a2', 
'CustomerName', 
'customername', 
30, 
200, 
'', 
FALSE);
INSERT INTO `mendixsystem$attribute` (`id`, 
`entity_id`, 
`attribute_name`, 
`column_name`, 
`type`, 
`length`, 
`default_value`, 
`is_auto_number`)
 VALUES ('4359850e-675d-49db-a25c-d78ee530dc33', 
'd4154981-8dac-4150-aec5-efa3ef62a7a2', 
'PartnerName', 
'partnername', 
30, 
200, 
'', 
FALSE);
CREATE TABLE `system$thumbnail` (
	`id` BIGINT NOT NULL,
	PRIMARY KEY(`id`));
INSERT INTO `mendixsystem$entity` (`id`, 
`entity_name`, 
`table_name`, 
`superentity_id`)
 VALUES ('4babd4c0-b903-4cb4-b1af-e59c4a5fcf3d', 
'System.Thumbnail', 
'system$thumbnail', 
'170ce49d-f29c-4fac-99a6-b55e8a3aeb39');
CREATE TABLE `system$thumbnail_image` (
	`system$thumbnailid` BIGINT NOT NULL,
	`system$imageid` BIGINT NOT NULL,
	PRIMARY KEY(`system$thumbnailid`,`system$imageid`),
	CONSTRAINT `uniq_system$thumbnail_image_system$imageid` UNIQUE (`system$imageid`),
	CONSTRAINT `uniq_system$thumbnail_image_system$thumbnailid` UNIQUE (`system$thumbnailid`));
CREATE INDEX `idx_system$thumbnail_image_system$image_system$thumbnail` ON `system$thumbnail_image` (`system$imageid`,`system$thumbnailid`);
INSERT INTO `mendixsystem$association` (`id`, 
`association_name`, 
`table_name`, 
`parent_entity_id`, 
`child_entity_id`, 
`parent_column_name`, 
`child_column_name`, 
`index_name`)
 VALUES ('3dbea779-c8af-467e-a957-140c313ac1b7', 
'System.Thumbnail_Image', 
'system$thumbnail_image', 
'4babd4c0-b903-4cb4-b1af-e59c4a5fcf3d', 
'37827192-315d-4ab6-85b8-f626f866ea76', 
'system$thumbnailid', 
'system$imageid', 
'idx_system$thumbnail_image_system$image_system$thumbnail');
INSERT INTO `mendixsystem$unique_constraint` (`name`, 
`table_id`, 
`column_id`)
 VALUES ('uniq_system$thumbnail_image_system$imageid', 
'3dbea779-c8af-467e-a957-140c313ac1b7', 
'580b34f8-f2b7-3c00-a872-d0e0b53778ef');
INSERT INTO `mendixsystem$unique_constraint` (`name`, 
`table_id`, 
`column_id`)
 VALUES ('uniq_system$thumbnail_image_system$thumbnailid', 
'3dbea779-c8af-467e-a957-140c313ac1b7', 
'9c4f4f6d-6094-3a1b-a97c-09277561b351');
CREATE TABLE `mxmodelreflection$mxobjectreference` (
	`id` BIGINT NOT NULL,
	`changeddate` DATETIME NULL,
	`createddate` DATETIME NULL,
	`associationowner` NVARCHAR(8) NULL,
	`parententity` NVARCHAR(200) NULL,
	`completename` NVARCHAR(200) NULL,
	`module` NVARCHAR(200) NULL,
	`referencetype` NVARCHAR(12) NULL,
	`name` NVARCHAR(200) NULL,
	`readablename` NVARCHAR(200) NULL,
	`system$changedby` BIGINT NULL,
	`system$owner` BIGINT NULL,
	PRIMARY KEY(`id`));
CREATE INDEX `idx_mxmodelreflection$mxobjectreference_system$changedby` ON `mxmodelreflection$mxobjectreference` (`system$changedby`,`id`);
CREATE INDEX `idx_mxmodelreflection$mxobjectreference_system$owner` ON `mxmodelreflection$mxobjectreference` (`system$owner`,`id`);
INSERT INTO `mendixsystem$entity` (`id`, 
`entity_name`, 
`table_name`)
 VALUES ('af3795e1-6a06-46c1-b145-61c94ac140e6', 
'MxModelReflection.MxObjectReference', 
'mxmodelreflection$mxobjectreference');
INSERT INTO `mendixsystem$attribute` (`id`, 
`entity_id`, 
`attribute_name`, 
`column_name`, 
`type`, 
`length`, 
`default_value`, 
`is_auto_number`)
 VALUES ('c6228fb9-f033-37bf-9029-2cf5f3171b69', 
'af3795e1-6a06-46c1-b145-61c94ac140e6', 
'changedDate', 
'changeddate', 
20, 
0, 
'', 
FALSE);
INSERT INTO `mendixsystem$attribute` (`id`, 
`entity_id`, 
`attribute_name`, 
`column_name`, 
`type`, 
`length`, 
`default_value`, 
`is_auto_number`)
 VALUES ('90a4bf9a-c59e-32de-a470-b9ab2ef1024c', 
'af3795e1-6a06-46c1-b145-61c94ac140e6', 
'createdDate', 
'createddate', 
20, 
0, 
'', 
FALSE);
INSERT INTO `mendixsystem$attribute` (`id`, 
`entity_id`, 
`attribute_name`, 
`column_name`, 
`type`, 
`length`, 
`default_value`, 
`is_auto_number`)
 VALUES ('97fff08c-9c8d-4410-8b98-76d2d66bd5f3', 
'af3795e1-6a06-46c1-b145-61c94ac140e6', 
'AssociationOwner', 
'associationowner', 
40, 
8, 
'_Default', 
FALSE);
INSERT INTO `mendixsystem$attribute` (`id`, 
`entity_id`, 
`attribute_name`, 
`column_name`, 
`type`, 
`length`, 
`default_value`, 
`is_auto_number`)
 VALUES ('cb649099-439c-4379-b107-21350f656057', 
'af3795e1-6a06-46c1-b145-61c94ac140e6', 
'ParentEntity', 
'parententity', 
30, 
200, 
'', 
FALSE);
INSERT INTO `mendixsystem$attribute` (`id`, 
`entity_id`, 
`attribute_name`, 
`column_name`, 
`type`, 
`length`, 
`default_value`, 
`is_auto_number`)
 VALUES ('dd662009-f4b1-43a6-abd4-7904deb1a263', 
'af3795e1-6a06-46c1-b145-61c94ac140e6', 
'CompleteName', 
'completename', 
30, 
200, 
'', 
FALSE);
INSERT INTO `mendixsystem$attribute` (`id`, 
`entity_id`, 
`attribute_name`, 
`column_name`, 
`type`, 
`length`, 
`default_value`, 
`is_auto_number`)
 VALUES ('e69a3555-b0cd-4ca6-86da-7aef6e58ac61', 
'af3795e1-6a06-46c1-b145-61c94ac140e6', 
'Module', 
'module', 
30, 
200, 
'', 
FALSE);
INSERT INTO `mendixsystem$attribute` (`id`, 
`entity_id`, 
`attribute_name`, 
`column_name`, 
`type`, 
`length`, 
`default_value`, 
`is_auto_number`)
 VALUES ('9609cd93-38b5-4e55-ad2b-20a05966152e', 
'af3795e1-6a06-46c1-b145-61c94ac140e6', 
'ReferenceType', 
'referencetype', 
40, 
12, 
'', 
FALSE);
INSERT INTO `mendixsystem$attribute` (`id`, 
`entity_id`, 
`attribute_name`, 
`column_name`, 
`type`, 
`length`, 
`default_value`, 
`is_auto_number`)
 VALUES ('e95ec59e-aad1-497e-8817-ca811e866472', 
'af3795e1-6a06-46c1-b145-61c94ac140e6', 
'Name', 
'name', 
30, 
200, 
'', 
FALSE);
INSERT INTO `mendixsystem$attribute` (`id`, 
`entity_id`, 
`attribute_name`, 
`column_name`, 
`type`, 
`length`, 
`default_value`, 
`is_auto_number`)
 VALUES ('707b5d75-ab2c-42c6-8daf-de7c199e855e', 
'af3795e1-6a06-46c1-b145-61c94ac140e6', 
'ReadableName', 
'readablename', 
30, 
200, 
'', 
FALSE);
INSERT INTO `mendixsystem$index` (`id`, 
`table_id`, 
`index_name`)
 VALUES ('a4e32aa1-a431-33bb-8842-359766c8a212', 
'af3795e1-6a06-46c1-b145-61c94ac140e6', 
'idx_mxmodelreflection$mxobjectreference_system$changedby');
INSERT INTO `mendixsystem$index_column` (`index_id`, 
`column_id`, 
`sort_order`, 
`ordinal`)
 VALUES ('a4e32aa1-a431-33bb-8842-359766c8a212', 
'b84d092a-915e-3dac-96b1-899741e99e38', 
FALSE, 
0);
INSERT INTO `mendixsystem$index` (`id`, 
`table_id`, 
`index_name`)
 VALUES ('ef21a592-9c7a-39c0-b4df-e04a260beae2', 
'af3795e1-6a06-46c1-b145-61c94ac140e6', 
'idx_mxmodelreflection$mxobjectreference_system$owner');
INSERT INTO `mendixsystem$index_column` (`index_id`, 
`column_id`, 
`sort_order`, 
`ordinal`)
 VALUES ('ef21a592-9c7a-39c0-b4df-e04a260beae2', 
'1be97721-b81c-3ed0-b9e3-fda6c41e5528', 
FALSE, 
0);
INSERT INTO `mendixsystem$association` (`id`, 
`association_name`, 
`table_name`, 
`parent_entity_id`, 
`child_entity_id`, 
`parent_column_name`, 
`child_column_name`)
 VALUES ('b84d092a-915e-3dac-96b1-899741e99e38', 
'System.changedBy', 
'system$changedby', 
'af3795e1-6a06-46c1-b145-61c94ac140e6', 
'282e2e60-88a5-469d-84a5-ba8d9151644f', 
'id', 
'system$changedby');
INSERT INTO `mendixsystem$association` (`id`, 
`association_name`, 
`table_name`, 
`parent_entity_id`, 
`child_entity_id`, 
`parent_column_name`, 
`child_column_name`)
 VALUES ('1be97721-b81c-3ed0-b9e3-fda6c41e5528', 
'System.owner', 
'system$owner', 
'af3795e1-6a06-46c1-b145-61c94ac140e6', 
'282e2e60-88a5-469d-84a5-ba8d9151644f', 
'id', 
'system$owner');
CREATE TABLE `mxmodelreflection$mxobjectreference_mxobjecttype` (
	`mxmodelreflection$mxobjectreferenceid` BIGINT NOT NULL,
	`mxmodelreflection$mxobjecttypeid` BIGINT NOT NULL,
	PRIMARY KEY(`mxmodelreflection$mxobjectreferenceid`,`mxmodelreflection$mxobjecttypeid`));
CREATE INDEX `idx_mxmodelreflection$mxobjectreference_mxobjecttype` ON `mxmodelreflection$mxobjectreference_mxobjecttype` (`mxmodelreflection$mxobjecttypeid`,`mxmodelreflection$mxobjectreferenceid`);
INSERT INTO `mendixsystem$association` (`id`, 
`association_name`, 
`table_name`, 
`parent_entity_id`, 
`child_entity_id`, 
`parent_column_name`, 
`child_column_name`, 
`index_name`)
 VALUES ('7c63f4bb-3478-43ab-bc43-c32051e82ab0', 
'MxModelReflection.MxObjectReference_MxObjectType', 
'mxmodelreflection$mxobjectreference_mxobjecttype', 
'af3795e1-6a06-46c1-b145-61c94ac140e6', 
'3a63aadf-1fcc-48d3-bc92-97409552c7a0', 
'mxmodelreflection$mxobjectreferenceid', 
'mxmodelreflection$mxobjecttypeid', 
'idx_mxmodelreflection$mxobjectreference_mxobjecttype');
CREATE TABLE `mxmodelreflection$mxobjectreference_module` (
	`mxmodelreflection$mxobjectreferenceid` BIGINT NOT NULL,
	`mxmodelreflection$moduleid` BIGINT NOT NULL,
	PRIMARY KEY(`mxmodelreflection$mxobjectreferenceid`,`mxmodelreflection$moduleid`),
	CONSTRAINT `uniq_mxmodelrefle$mxobjectrefe_modul_mxmodelreflec$mxobjectrefer` UNIQUE (`mxmodelreflection$mxobjectreferenceid`));
CREATE INDEX `idx_mxmodelreflection$mxobjectreference_module` ON `mxmodelreflection$mxobjectreference_module` (`mxmodelreflection$moduleid`,`mxmodelreflection$mxobjectreferenceid`);
INSERT INTO `mendixsystem$association` (`id`, 
`association_name`, 
`table_name`, 
`parent_entity_id`, 
`child_entity_id`, 
`parent_column_name`, 
`child_column_name`, 
`index_name`)
 VALUES ('c1059477-2fb3-4f1b-9b62-7e8792835e97', 
'MxModelReflection.MxObjectReference_Module', 
'mxmodelreflection$mxobjectreference_module', 
'af3795e1-6a06-46c1-b145-61c94ac140e6', 
'cb86f0bf-a03a-4978-887c-bde9ea247fea', 
'mxmodelreflection$mxobjectreferenceid', 
'mxmodelreflection$moduleid', 
'idx_mxmodelreflection$mxobjectreference_module');
INSERT INTO `mendixsystem$unique_constraint` (`name`, 
`table_id`, 
`column_id`)
 VALUES ('uniq_mxmodelrefle$mxobjectrefe_modul_mxmodelreflec$mxobjectrefer', 
'c1059477-2fb3-4f1b-9b62-7e8792835e97', 
'2c8f4fc9-39bc-36ae-ae45-f7ee4a15c59e');
CREATE TABLE `mxmodelreflection$mxobjectreference_mxobjecttype_child` (
	`mxmodelreflection$mxobjectreferenceid` BIGINT NOT NULL,
	`mxmodelreflection$mxobjecttypeid` BIGINT NOT NULL,
	PRIMARY KEY(`mxmodelreflection$mxobjectreferenceid`,`mxmodelreflection$mxobjecttypeid`));
CREATE INDEX `idx_mxmodelreflection$mxobjectreference_mxobjecttype_child` ON `mxmodelreflection$mxobjectreference_mxobjecttype_child` (`mxmodelreflection$mxobjecttypeid`,`mxmodelreflection$mxobjectreferenceid`);
INSERT INTO `mendixsystem$association` (`id`, 
`association_name`, 
`table_name`, 
`parent_entity_id`, 
`child_entity_id`, 
`parent_column_name`, 
`child_column_name`, 
`index_name`)
 VALUES ('031a3169-9103-4c39-8609-02e9c11ad1d1', 
'MxModelReflection.MxObjectReference_MxObjectType_Child', 
'mxmodelreflection$mxobjectreference_mxobjecttype_child', 
'af3795e1-6a06-46c1-b145-61c94ac140e6', 
'3a63aadf-1fcc-48d3-bc92-97409552c7a0', 
'mxmodelreflection$mxobjectreferenceid', 
'mxmodelreflection$mxobjecttypeid', 
'idx_mxmodelreflection$mxobjectreference_mxobjecttype_child');
CREATE TABLE `mxmodelreflection$mxobjectreference_mxobjecttype_parent` (
	`mxmodelreflection$mxobjectreferenceid` BIGINT NOT NULL,
	`mxmodelreflection$mxobjecttypeid` BIGINT NOT NULL,
	PRIMARY KEY(`mxmodelreflection$mxobjectreferenceid`,`mxmodelreflection$mxobjecttypeid`));
CREATE INDEX `idx_mxmodelreflection$mxobjectreference_mxobjecttype_parent` ON `mxmodelreflection$mxobjectreference_mxobjecttype_parent` (`mxmodelreflection$mxobjecttypeid`,`mxmodelreflection$mxobjectreferenceid`);
INSERT INTO `mendixsystem$association` (`id`, 
`association_name`, 
`table_name`, 
`parent_entity_id`, 
`child_entity_id`, 
`parent_column_name`, 
`child_column_name`, 
`index_name`)
 VALUES ('3a226ad8-e343-4b78-a3e6-6dcf97b9858c', 
'MxModelReflection.MxObjectReference_MxObjectType_Parent', 
'mxmodelreflection$mxobjectreference_mxobjecttype_parent', 
'af3795e1-6a06-46c1-b145-61c94ac140e6', 
'3a63aadf-1fcc-48d3-bc92-97409552c7a0', 
'mxmodelreflection$mxobjectreferenceid', 
'mxmodelreflection$mxobjecttypeid', 
'idx_mxmodelreflection$mxobjectreference_mxobjecttype_parent');
CREATE TABLE `mxmodelreflection$valuetype` (
	`id` BIGINT NOT NULL,
	`changeddate` DATETIME NULL,
	`createddate` DATETIME NULL,
	`typeenum` NVARCHAR(11) NULL,
	`name` NVARCHAR(200) NULL,
	`system$changedby` BIGINT NULL,
	`system$owner` BIGINT NULL,
	PRIMARY KEY(`id`));
CREATE INDEX `idx_mxmodelreflection$valuetype_system$changedby` ON `mxmodelreflection$valuetype` (`system$changedby`,`id`);
CREATE INDEX `idx_mxmodelreflection$valuetype_system$owner` ON `mxmodelreflection$valuetype` (`system$owner`,`id`);
INSERT INTO `mendixsystem$entity` (`id`, 
`entity_name`, 
`table_name`)
 VALUES ('0429f7a8-8be9-4875-992c-9dc5278905a4', 
'MxModelReflection.ValueType', 
'mxmodelreflection$valuetype');
INSERT INTO `mendixsystem$attribute` (`id`, 
`entity_id`, 
`attribute_name`, 
`column_name`, 
`type`, 
`length`, 
`default_value`, 
`is_auto_number`)
 VALUES ('baf12f15-6136-359a-87f8-74716060ab4d', 
'0429f7a8-8be9-4875-992c-9dc5278905a4', 
'changedDate', 
'changeddate', 
20, 
0, 
'', 
FALSE);
INSERT INTO `mendixsystem$attribute` (`id`, 
`entity_id`, 
`attribute_name`, 
`column_name`, 
`type`, 
`length`, 
`default_value`, 
`is_auto_number`)
 VALUES ('701aea39-f6cc-3035-8c3b-2310ba70ad20', 
'0429f7a8-8be9-4875-992c-9dc5278905a4', 
'createdDate', 
'createddate', 
20, 
0, 
'', 
FALSE);
INSERT INTO `mendixsystem$attribute` (`id`, 
`entity_id`, 
`attribute_name`, 
`column_name`, 
`type`, 
`length`, 
`default_value`, 
`is_auto_number`)
 VALUES ('a6516872-2e71-49ab-ac69-5ab57410dc07', 
'0429f7a8-8be9-4875-992c-9dc5278905a4', 
'TypeEnum', 
'typeenum', 
40, 
11, 
'', 
FALSE);
INSERT INTO `mendixsystem$attribute` (`id`, 
`entity_id`, 
`attribute_name`, 
`column_name`, 
`type`, 
`length`, 
`default_value`, 
`is_auto_number`)
 VALUES ('05581016-7ec6-4878-83ed-76964b180ea1', 
'0429f7a8-8be9-4875-992c-9dc5278905a4', 
'Name', 
'name', 
30, 
200, 
'', 
FALSE);
INSERT INTO `mendixsystem$index` (`id`, 
`table_id`, 
`index_name`)
 VALUES ('5b4959d3-c638-3b07-aff9-d5d6f1d72cf9', 
'0429f7a8-8be9-4875-992c-9dc5278905a4', 
'idx_mxmodelreflection$valuetype_system$changedby');
INSERT INTO `mendixsystem$index_column` (`index_id`, 
`column_id`, 
`sort_order`, 
`ordinal`)
 VALUES ('5b4959d3-c638-3b07-aff9-d5d6f1d72cf9', 
'60e2e7e7-b4a0-3d3c-984b-f5778e96955d', 
FALSE, 
0);
INSERT INTO `mendixsystem$index` (`id`, 
`table_id`, 
`index_name`)
 VALUES ('ba9031ac-97f6-3420-b839-b47e215618fa', 
'0429f7a8-8be9-4875-992c-9dc5278905a4', 
'idx_mxmodelreflection$valuetype_system$owner');
INSERT INTO `mendixsystem$index_column` (`index_id`, 
`column_id`, 
`sort_order`, 
`ordinal`)
 VALUES ('ba9031ac-97f6-3420-b839-b47e215618fa', 
'e89e93fb-4355-3f64-8ca6-63f1829b3ac7', 
FALSE, 
0);
INSERT INTO `mendixsystem$association` (`id`, 
`association_name`, 
`table_name`, 
`parent_entity_id`, 
`child_entity_id`, 
`parent_column_name`, 
`child_column_name`)
 VALUES ('60e2e7e7-b4a0-3d3c-984b-f5778e96955d', 
'System.changedBy', 
'system$changedby', 
'0429f7a8-8be9-4875-992c-9dc5278905a4', 
'282e2e60-88a5-469d-84a5-ba8d9151644f', 
'id', 
'system$changedby');
INSERT INTO `mendixsystem$association` (`id`, 
`association_name`, 
`table_name`, 
`parent_entity_id`, 
`child_entity_id`, 
`parent_column_name`, 
`child_column_name`)
 VALUES ('e89e93fb-4355-3f64-8ca6-63f1829b3ac7', 
'System.owner', 
'system$owner', 
'0429f7a8-8be9-4875-992c-9dc5278905a4', 
'282e2e60-88a5-469d-84a5-ba8d9151644f', 
'id', 
'system$owner');
CREATE TABLE `mxmodelreflection$valuetype_mxobjecttype` (
	`mxmodelreflection$valuetypeid` BIGINT NOT NULL,
	`mxmodelreflection$mxobjecttypeid` BIGINT NOT NULL,
	PRIMARY KEY(`mxmodelreflection$valuetypeid`,`mxmodelreflection$mxobjecttypeid`),
	CONSTRAINT `uniq_mxmodelreflect$valuetyp_mxobjectty_mxmodelreflect$valuetype` UNIQUE (`mxmodelreflection$valuetypeid`));
CREATE INDEX `idx_mxmodelreflection$valuetype_mxobjecttype` ON `mxmodelreflection$valuetype_mxobjecttype` (`mxmodelreflection$mxobjecttypeid`,`mxmodelreflection$valuetypeid`);
INSERT INTO `mendixsystem$association` (`id`, 
`association_name`, 
`table_name`, 
`parent_entity_id`, 
`child_entity_id`, 
`parent_column_name`, 
`child_column_name`, 
`index_name`)
 VALUES ('d13fa8ac-be49-4751-8447-386ecd7964c3', 
'MxModelReflection.ValueType_MxObjectType', 
'mxmodelreflection$valuetype_mxobjecttype', 
'0429f7a8-8be9-4875-992c-9dc5278905a4', 
'3a63aadf-1fcc-48d3-bc92-97409552c7a0', 
'mxmodelreflection$valuetypeid', 
'mxmodelreflection$mxobjecttypeid', 
'idx_mxmodelreflection$valuetype_mxobjecttype');
INSERT INTO `mendixsystem$unique_constraint` (`name`, 
`table_id`, 
`column_id`)
 VALUES ('uniq_mxmodelreflect$valuetyp_mxobjectty_mxmodelreflect$valuetype', 
'd13fa8ac-be49-4751-8447-386ecd7964c3', 
'a98a30d6-d891-3cf6-8966-6ec04ceedff6');
CREATE TABLE `postalcodehousenumber$housenumber` (
	`id` BIGINT NOT NULL,
	`number` DECIMAL(28, 8) NULL,
	`latitude` NVARCHAR(200) NULL,
	`longitude` NVARCHAR(200) NULL,
	PRIMARY KEY(`id`));
INSERT INTO `mendixsystem$entity` (`id`, 
`entity_name`, 
`table_name`)
 VALUES ('c2e1df63-e857-4b10-9b3d-b19c6eab6059', 
'PostalcodeHousenumber.housenumber', 
'postalcodehousenumber$housenumber');
INSERT INTO `mendixsystem$attribute` (`id`, 
`entity_id`, 
`attribute_name`, 
`column_name`, 
`type`, 
`length`, 
`default_value`, 
`is_auto_number`)
 VALUES ('2a873695-5ac3-4ec0-974c-7e501d809c7a', 
'c2e1df63-e857-4b10-9b3d-b19c6eab6059', 
'Number', 
'number', 
5, 
0, 
'0', 
FALSE);
INSERT INTO `mendixsystem$attribute` (`id`, 
`entity_id`, 
`attribute_name`, 
`column_name`, 
`type`, 
`length`, 
`default_value`, 
`is_auto_number`)
 VALUES ('2662d3e0-61e2-4e96-97bd-7d6ba510d9f0', 
'c2e1df63-e857-4b10-9b3d-b19c6eab6059', 
'Latitude', 
'latitude', 
30, 
200, 
'', 
FALSE);
INSERT INTO `mendixsystem$attribute` (`id`, 
`entity_id`, 
`attribute_name`, 
`column_name`, 
`type`, 
`length`, 
`default_value`, 
`is_auto_number`)
 VALUES ('0bbd356d-44bf-4665-bfcd-4052f979a9da', 
'c2e1df63-e857-4b10-9b3d-b19c6eab6059', 
'Longitude', 
'longitude', 
30, 
200, 
'', 
FALSE);
CREATE TABLE `postalcodehousenumber$housenr_zipcode` (
	`postalcodehousenumber$housenumberid` BIGINT NOT NULL,
	`postalcodehousenumber$zipcodeid` BIGINT NOT NULL,
	PRIMARY KEY(`postalcodehousenumber$housenumberid`,`postalcodehousenumber$zipcodeid`),
	CONSTRAINT `uniq_postalcodehousen$housen_zipcod_postalcodehousen$housenumber` UNIQUE (`postalcodehousenumber$housenumberid`));
CREATE INDEX `idx_postalcodehousenumber$housenr_zipcode` ON `postalcodehousenumber$housenr_zipcode` (`postalcodehousenumber$zipcodeid`,`postalcodehousenumber$housenumberid`);
INSERT INTO `mendixsystem$association` (`id`, 
`association_name`, 
`table_name`, 
`parent_entity_id`, 
`child_entity_id`, 
`parent_column_name`, 
`child_column_name`, 
`index_name`)
 VALUES ('229c4bca-f856-4c27-bc44-14c60d069929', 
'PostalcodeHousenumber.Housenr_Zipcode', 
'postalcodehousenumber$housenr_zipcode', 
'c2e1df63-e857-4b10-9b3d-b19c6eab6059', 
'7275b6be-4fe3-4d19-bbb3-be0c85d30925', 
'postalcodehousenumber$housenumberid', 
'postalcodehousenumber$zipcodeid', 
'idx_postalcodehousenumber$housenr_zipcode');
INSERT INTO `mendixsystem$unique_constraint` (`name`, 
`table_id`, 
`column_id`)
 VALUES ('uniq_postalcodehousen$housen_zipcod_postalcodehousen$housenumber', 
'229c4bca-f856-4c27-bc44-14c60d069929', 
'a9820c0b-ea28-3b0d-a442-ef5734433cee');
CREATE TABLE `system$image` (
	`id` BIGINT NOT NULL,
	`publicthumbnailpath` NVARCHAR(500) NULL,
	PRIMARY KEY(`id`));
INSERT INTO `mendixsystem$entity` (`id`, 
`entity_name`, 
`table_name`, 
`superentity_id`)
 VALUES ('37827192-315d-4ab6-85b8-f626f866ea76', 
'System.Image', 
'system$image', 
'170ce49d-f29c-4fac-99a6-b55e8a3aeb39');
INSERT INTO `mendixsystem$attribute` (`id`, 
`entity_id`, 
`attribute_name`, 
`column_name`, 
`type`, 
`length`, 
`default_value`, 
`is_auto_number`)
 VALUES ('41c141fa-700b-44de-870d-1aa971e11689', 
'37827192-315d-4ab6-85b8-f626f866ea76', 
'PublicThumbnailPath', 
'publicthumbnailpath', 
30, 
500, 
'', 
FALSE);
CREATE TABLE `addresslookupapi$pcapredictrequest` (
	`id` BIGINT NOT NULL,
	`houseno` NVARCHAR(200) NULL,
	`showaddress` BOOL NULL,
	`maxsuggestions` INT NULL,
	`languagepreference` NVARCHAR(200) NULL,
	`maxresults` INT NULL,
	`country` NVARCHAR(3) NULL,
	`showaddresslist` BOOL NULL,
	`searchterm` NVARCHAR(200) NULL,
	`lastid` NVARCHAR(200) NULL,
	`postcode` NVARCHAR(50) NULL,
	`key` NVARCHAR(200) NULL,
	`searchfor` NVARCHAR(11) NULL,
	PRIMARY KEY(`id`));
INSERT INTO `mendixsystem$entity` (`id`, 
`entity_name`, 
`table_name`)
 VALUES ('61a50cba-5536-4453-aa64-74c299cad8a7', 
'AddressLookupAPI.PCAPredictRequest', 
'addresslookupapi$pcapredictrequest');
INSERT INTO `mendixsystem$attribute` (`id`, 
`entity_id`, 
`attribute_name`, 
`column_name`, 
`type`, 
`length`, 
`default_value`, 
`is_auto_number`)
 VALUES ('c328bb09-bff7-48d6-b260-8151df65631a', 
'61a50cba-5536-4453-aa64-74c299cad8a7', 
'HouseNo', 
'houseno', 
30, 
200, 
'', 
FALSE);
INSERT INTO `mendixsystem$attribute` (`id`, 
`entity_id`, 
`attribute_name`, 
`column_name`, 
`type`, 
`length`, 
`default_value`, 
`is_auto_number`)
 VALUES ('2619f559-fbec-47da-9290-fd2d7ef2145f', 
'61a50cba-5536-4453-aa64-74c299cad8a7', 
'ShowAddress', 
'showaddress', 
10, 
0, 
'false', 
FALSE);
INSERT INTO `mendixsystem$attribute` (`id`, 
`entity_id`, 
`attribute_name`, 
`column_name`, 
`type`, 
`length`, 
`default_value`, 
`is_auto_number`)
 VALUES ('42a79597-88c2-4f0b-a24d-e32836b00ed0', 
'61a50cba-5536-4453-aa64-74c299cad8a7', 
'MaxSuggestions', 
'maxsuggestions', 
3, 
0, 
'0', 
FALSE);
INSERT INTO `mendixsystem$attribute` (`id`, 
`entity_id`, 
`attribute_name`, 
`column_name`, 
`type`, 
`length`, 
`default_value`, 
`is_auto_number`)
 VALUES ('348aa7e6-533d-4568-8a8d-2c91c7777065', 
'61a50cba-5536-4453-aa64-74c299cad8a7', 
'LanguagePreference', 
'languagepreference', 
30, 
200, 
'EN', 
FALSE);
INSERT INTO `mendixsystem$attribute` (`id`, 
`entity_id`, 
`attribute_name`, 
`column_name`, 
`type`, 
`length`, 
`default_value`, 
`is_auto_number`)
 VALUES ('294fc9c0-545c-47c9-95f9-48b0bd895e56', 
'61a50cba-5536-4453-aa64-74c299cad8a7', 
'MaxResults', 
'maxresults', 
3, 
0, 
'0', 
FALSE);
INSERT INTO `mendixsystem$attribute` (`id`, 
`entity_id`, 
`attribute_name`, 
`column_name`, 
`type`, 
`length`, 
`default_value`, 
`is_auto_number`)
 VALUES ('389cc8f5-0f4d-4502-b7e6-bc224b38cc4d', 
'61a50cba-5536-4453-aa64-74c299cad8a7', 
'Country', 
'country', 
40, 
3, 
'GBR', 
FALSE);
INSERT INTO `mendixsystem$attribute` (`id`, 
`entity_id`, 
`attribute_name`, 
`column_name`, 
`type`, 
`length`, 
`default_value`, 
`is_auto_number`)
 VALUES ('1dd12dab-eae2-4b3e-85a5-c01bd077ada9', 
'61a50cba-5536-4453-aa64-74c299cad8a7', 
'ShowAddressList', 
'showaddresslist', 
10, 
0, 
'false', 
FALSE);
INSERT INTO `mendixsystem$attribute` (`id`, 
`entity_id`, 
`attribute_name`, 
`column_name`, 
`type`, 
`length`, 
`default_value`, 
`is_auto_number`)
 VALUES ('16a8f25a-340f-43b5-8217-5149ddf215cc', 
'61a50cba-5536-4453-aa64-74c299cad8a7', 
'SearchTerm', 
'searchterm', 
30, 
200, 
'', 
FALSE);
INSERT INTO `mendixsystem$attribute` (`id`, 
`entity_id`, 
`attribute_name`, 
`column_name`, 
`type`, 
`length`, 
`default_value`, 
`is_auto_number`)
 VALUES ('16ef87ca-2551-4e6f-bed7-582251503cae', 
'61a50cba-5536-4453-aa64-74c299cad8a7', 
'LastId', 
'lastid', 
30, 
200, 
'', 
FALSE);
INSERT INTO `mendixsystem$attribute` (`id`, 
`entity_id`, 
`attribute_name`, 
`column_name`, 
`type`, 
`length`, 
`default_value`, 
`is_auto_number`)
 VALUES ('85f6a90a-ff57-4a19-b12a-2040e718fab9', 
'61a50cba-5536-4453-aa64-74c299cad8a7', 
'Postcode', 
'postcode', 
30, 
50, 
'', 
FALSE);
INSERT INTO `mendixsystem$attribute` (`id`, 
`entity_id`, 
`attribute_name`, 
`column_name`, 
`type`, 
`length`, 
`default_value`, 
`is_auto_number`)
 VALUES ('cc002edc-7946-4f1c-9790-55e1f52e934b', 
'61a50cba-5536-4453-aa64-74c299cad8a7', 
'Key', 
'key', 
30, 
200, 
'', 
FALSE);
INSERT INTO `mendixsystem$attribute` (`id`, 
`entity_id`, 
`attribute_name`, 
`column_name`, 
`type`, 
`length`, 
`default_value`, 
`is_auto_number`)
 VALUES ('5f42c868-ad5f-4c26-ac9a-fd84f0a6f01f', 
'61a50cba-5536-4453-aa64-74c299cad8a7', 
'SearchFor', 
'searchfor', 
40, 
11, 
'PostalCodes', 
FALSE);
CREATE TABLE `addresslookupapi$pcapredictrequest_pcapredictresults` (
	`addresslookupapi$pcapredictrequestid` BIGINT NOT NULL,
	`addresslookupapi$pcapredictresultsid` BIGINT NOT NULL,
	PRIMARY KEY(`addresslookupapi$pcapredictrequestid`,`addresslookupapi$pcapredictresultsid`),
	CONSTRAINT `uniq_addressloo$pcapredictr_pcapredictr_addresslook$pcapredictre` UNIQUE (`addresslookupapi$pcapredictrequestid`));
CREATE INDEX `idx_addresslookupapi$pcapredictrequest_pcapredictresults` ON `addresslookupapi$pcapredictrequest_pcapredictresults` (`addresslookupapi$pcapredictresultsid`,`addresslookupapi$pcapredictrequestid`);
INSERT INTO `mendixsystem$association` (`id`, 
`association_name`, 
`table_name`, 
`parent_entity_id`, 
`child_entity_id`, 
`parent_column_name`, 
`child_column_name`, 
`index_name`)
 VALUES ('38659ff5-4601-42a7-8209-a78498f25db6', 
'AddressLookupAPI.PCAPredictRequest_PCAPredictResults', 
'addresslookupapi$pcapredictrequest_pcapredictresults', 
'61a50cba-5536-4453-aa64-74c299cad8a7', 
'bed2cd69-dbc9-40bf-be58-f8082e9ede03', 
'addresslookupapi$pcapredictrequestid', 
'addresslookupapi$pcapredictresultsid', 
'idx_addresslookupapi$pcapredictrequest_pcapredictresults');
INSERT INTO `mendixsystem$unique_constraint` (`name`, 
`table_id`, 
`column_id`)
 VALUES ('uniq_addressloo$pcapredictr_pcapredictr_addresslook$pcapredictre', 
'38659ff5-4601-42a7-8209-a78498f25db6', 
'9fa0169c-096a-3fe0-8663-e9f382396047');
CREATE TABLE `mxmodelreflection$microflows` (
	`id` BIGINT NOT NULL,
	`changeddate` DATETIME NULL,
	`createddate` DATETIME NULL,
	`module` NVARCHAR(200) NULL,
	`completename` NVARCHAR(200) NULL,
	`name` NVARCHAR(200) NULL,
	`system$changedby` BIGINT NULL,
	`system$owner` BIGINT NULL,
	PRIMARY KEY(`id`));
CREATE INDEX `idx_mxmodelreflection$microflows_system$changedby` ON `mxmodelreflection$microflows` (`system$changedby`,`id`);
CREATE INDEX `idx_mxmodelreflection$microflows_system$owner` ON `mxmodelreflection$microflows` (`system$owner`,`id`);
INSERT INTO `mendixsystem$entity` (`id`, 
`entity_name`, 
`table_name`)
 VALUES ('988302e3-50a7-4415-83cb-6bf8c1b8de62', 
'MxModelReflection.Microflows', 
'mxmodelreflection$microflows');
INSERT INTO `mendixsystem$attribute` (`id`, 
`entity_id`, 
`attribute_name`, 
`column_name`, 
`type`, 
`length`, 
`default_value`, 
`is_auto_number`)
 VALUES ('75f415ea-51c7-36fa-8223-bae3a993bdda', 
'988302e3-50a7-4415-83cb-6bf8c1b8de62', 
'changedDate', 
'changeddate', 
20, 
0, 
'', 
FALSE);
INSERT INTO `mendixsystem$attribute` (`id`, 
`entity_id`, 
`attribute_name`, 
`column_name`, 
`type`, 
`length`, 
`default_value`, 
`is_auto_number`)
 VALUES ('fd64d980-ed39-31f5-ade3-5ada68d96cb1', 
'988302e3-50a7-4415-83cb-6bf8c1b8de62', 
'createdDate', 
'createddate', 
20, 
0, 
'', 
FALSE);
INSERT INTO `mendixsystem$attribute` (`id`, 
`entity_id`, 
`attribute_name`, 
`column_name`, 
`type`, 
`length`, 
`default_value`, 
`is_auto_number`)
 VALUES ('64dd1531-3690-4bc9-af3e-f6b85167748c', 
'988302e3-50a7-4415-83cb-6bf8c1b8de62', 
'Module', 
'module', 
30, 
200, 
'', 
FALSE);
INSERT INTO `mendixsystem$attribute` (`id`, 
`entity_id`, 
`attribute_name`, 
`column_name`, 
`type`, 
`length`, 
`default_value`, 
`is_auto_number`)
 VALUES ('a3bfaf2d-6f84-40ba-8016-465018eebb75', 
'988302e3-50a7-4415-83cb-6bf8c1b8de62', 
'CompleteName', 
'completename', 
30, 
200, 
'', 
FALSE);
INSERT INTO `mendixsystem$attribute` (`id`, 
`entity_id`, 
`attribute_name`, 
`column_name`, 
`type`, 
`length`, 
`default_value`, 
`is_auto_number`)
 VALUES ('ca0f26e7-9698-473f-9775-66b8b7cf0a8a', 
'988302e3-50a7-4415-83cb-6bf8c1b8de62', 
'Name', 
'name', 
30, 
200, 
'', 
FALSE);
INSERT INTO `mendixsystem$index` (`id`, 
`table_id`, 
`index_name`)
 VALUES ('20209d49-ce35-38ab-bb88-a777884c78ca', 
'988302e3-50a7-4415-83cb-6bf8c1b8de62', 
'idx_mxmodelreflection$microflows_system$changedby');
INSERT INTO `mendixsystem$index_column` (`index_id`, 
`column_id`, 
`sort_order`, 
`ordinal`)
 VALUES ('20209d49-ce35-38ab-bb88-a777884c78ca', 
'6cf94ee3-0774-346d-9e43-a9564bb3a8c2', 
FALSE, 
0);
INSERT INTO `mendixsystem$index` (`id`, 
`table_id`, 
`index_name`)
 VALUES ('a763fda2-a400-3169-a541-11190bf01493', 
'988302e3-50a7-4415-83cb-6bf8c1b8de62', 
'idx_mxmodelreflection$microflows_system$owner');
INSERT INTO `mendixsystem$index_column` (`index_id`, 
`column_id`, 
`sort_order`, 
`ordinal`)
 VALUES ('a763fda2-a400-3169-a541-11190bf01493', 
'86d1657a-551b-338d-be0c-1d7a2c53e3f2', 
FALSE, 
0);
INSERT INTO `mendixsystem$association` (`id`, 
`association_name`, 
`table_name`, 
`parent_entity_id`, 
`child_entity_id`, 
`parent_column_name`, 
`child_column_name`)
 VALUES ('6cf94ee3-0774-346d-9e43-a9564bb3a8c2', 
'System.changedBy', 
'system$changedby', 
'988302e3-50a7-4415-83cb-6bf8c1b8de62', 
'282e2e60-88a5-469d-84a5-ba8d9151644f', 
'id', 
'system$changedby');
INSERT INTO `mendixsystem$association` (`id`, 
`association_name`, 
`table_name`, 
`parent_entity_id`, 
`child_entity_id`, 
`parent_column_name`, 
`child_column_name`)
 VALUES ('86d1657a-551b-338d-be0c-1d7a2c53e3f2', 
'System.owner', 
'system$owner', 
'988302e3-50a7-4415-83cb-6bf8c1b8de62', 
'282e2e60-88a5-469d-84a5-ba8d9151644f', 
'id', 
'system$owner');
CREATE TABLE `mxmodelreflection$microflows_output_type` (
	`mxmodelreflection$microflowsid` BIGINT NOT NULL,
	`mxmodelreflection$valuetypeid` BIGINT NOT NULL,
	PRIMARY KEY(`mxmodelreflection$microflowsid`,`mxmodelreflection$valuetypeid`),
	CONSTRAINT `uniq_mxmodelreflec$microflow_outpu_type_mxmodelreflec$microflows` UNIQUE (`mxmodelreflection$microflowsid`));
CREATE INDEX `idx_mxmodelreflection$microflows_output_type` ON `mxmodelreflection$microflows_output_type` (`mxmodelreflection$valuetypeid`,`mxmodelreflection$microflowsid`);
INSERT INTO `mendixsystem$association` (`id`, 
`association_name`, 
`table_name`, 
`parent_entity_id`, 
`child_entity_id`, 
`parent_column_name`, 
`child_column_name`, 
`index_name`)
 VALUES ('92ceaa85-d3d6-4561-89f0-895df81d04cc', 
'MxModelReflection.Microflows_Output_Type', 
'mxmodelreflection$microflows_output_type', 
'988302e3-50a7-4415-83cb-6bf8c1b8de62', 
'0429f7a8-8be9-4875-992c-9dc5278905a4', 
'mxmodelreflection$microflowsid', 
'mxmodelreflection$valuetypeid', 
'idx_mxmodelreflection$microflows_output_type');
INSERT INTO `mendixsystem$unique_constraint` (`name`, 
`table_id`, 
`column_id`)
 VALUES ('uniq_mxmodelreflec$microflow_outpu_type_mxmodelreflec$microflows', 
'92ceaa85-d3d6-4561-89f0-895df81d04cc', 
'2dd52d25-f23b-3b80-afc6-a57c3c58de09');
CREATE TABLE `mxmodelreflection$microflows_module` (
	`mxmodelreflection$microflowsid` BIGINT NOT NULL,
	`mxmodelreflection$moduleid` BIGINT NOT NULL,
	PRIMARY KEY(`mxmodelreflection$microflowsid`,`mxmodelreflection$moduleid`),
	CONSTRAINT `uniq_mxmodelreflecti$microflow_module_mxmodelreflecti$microflows` UNIQUE (`mxmodelreflection$microflowsid`));
CREATE INDEX `idx_mxmodelreflection$microflows_module` ON `mxmodelreflection$microflows_module` (`mxmodelreflection$moduleid`,`mxmodelreflection$microflowsid`);
INSERT INTO `mendixsystem$association` (`id`, 
`association_name`, 
`table_name`, 
`parent_entity_id`, 
`child_entity_id`, 
`parent_column_name`, 
`child_column_name`, 
`index_name`)
 VALUES ('db74048e-dc13-4c41-9a39-dd354be47fc8', 
'MxModelReflection.Microflows_Module', 
'mxmodelreflection$microflows_module', 
'988302e3-50a7-4415-83cb-6bf8c1b8de62', 
'cb86f0bf-a03a-4978-887c-bde9ea247fea', 
'mxmodelreflection$microflowsid', 
'mxmodelreflection$moduleid', 
'idx_mxmodelreflection$microflows_module');
INSERT INTO `mendixsystem$unique_constraint` (`name`, 
`table_id`, 
`column_id`)
 VALUES ('uniq_mxmodelreflecti$microflow_module_mxmodelreflecti$microflows', 
'db74048e-dc13-4c41-9a39-dd354be47fc8', 
'ca2ff56c-6060-3727-ad43-f31881b294ee');
CREATE TABLE `mxmodelreflection$microflows_inputparameter` (
	`mxmodelreflection$microflowsid` BIGINT NOT NULL,
	`mxmodelreflection$parameterid` BIGINT NOT NULL,
	PRIMARY KEY(`mxmodelreflection$microflowsid`,`mxmodelreflection$parameterid`));
CREATE INDEX `idx_mxmodelreflection$microflows_inputparameter` ON `mxmodelreflection$microflows_inputparameter` (`mxmodelreflection$parameterid`,`mxmodelreflection$microflowsid`);
INSERT INTO `mendixsystem$association` (`id`, 
`association_name`, 
`table_name`, 
`parent_entity_id`, 
`child_entity_id`, 
`parent_column_name`, 
`child_column_name`, 
`index_name`)
 VALUES ('74154304-0af1-475e-88a5-bebc17a8b37e', 
'MxModelReflection.Microflows_InputParameter', 
'mxmodelreflection$microflows_inputparameter', 
'988302e3-50a7-4415-83cb-6bf8c1b8de62', 
'5260d545-e994-49f1-8c1b-5ae3231b783e', 
'mxmodelreflection$microflowsid', 
'mxmodelreflection$parameterid', 
'idx_mxmodelreflection$microflows_inputparameter');
CREATE TABLE `unittesting$testsuite` (
	`id` BIGINT NOT NULL,
	`testcount` BIGINT NULL,
	`testfailedcount` BIGINT NULL,
	`prefix1` NVARCHAR(10) NULL,
	`lastruntime` BIGINT NULL,
	`autorollbackmfs` BOOL NULL,
	`prefix2` NVARCHAR(10) NULL,
	`module` NVARCHAR(200) NULL,
	`lastrun` DATETIME NULL,
	`result` NVARCHAR(10) NULL,
	PRIMARY KEY(`id`));
INSERT INTO `mendixsystem$entity` (`id`, 
`entity_name`, 
`table_name`)
 VALUES ('9fb49256-2d30-4878-90ee-3bca8b68e589', 
'UnitTesting.TestSuite', 
'unittesting$testsuite');
INSERT INTO `mendixsystem$attribute` (`id`, 
`entity_id`, 
`attribute_name`, 
`column_name`, 
`type`, 
`length`, 
`default_value`, 
`is_auto_number`)
 VALUES ('4d391576-a343-4bd3-ad05-7617cf48445a', 
'9fb49256-2d30-4878-90ee-3bca8b68e589', 
'TestCount', 
'testcount', 
4, 
0, 
'0', 
FALSE);
INSERT INTO `mendixsystem$attribute` (`id`, 
`entity_id`, 
`attribute_name`, 
`column_name`, 
`type`, 
`length`, 
`default_value`, 
`is_auto_number`)
 VALUES ('692c1f15-ea80-4f8a-946e-e975801e5dd4', 
'9fb49256-2d30-4878-90ee-3bca8b68e589', 
'TestFailedCount', 
'testfailedcount', 
4, 
0, 
'0', 
FALSE);
INSERT INTO `mendixsystem$attribute` (`id`, 
`entity_id`, 
`attribute_name`, 
`column_name`, 
`type`, 
`length`, 
`default_value`, 
`is_auto_number`)
 VALUES ('1b14b8c1-770b-41f3-a72c-8fd68aa81c20', 
'9fb49256-2d30-4878-90ee-3bca8b68e589', 
'Prefix1', 
'prefix1', 
30, 
10, 
'Test_', 
FALSE);
INSERT INTO `mendixsystem$attribute` (`id`, 
`entity_id`, 
`attribute_name`, 
`column_name`, 
`type`, 
`length`, 
`default_value`, 
`is_auto_number`)
 VALUES ('80e9bb6a-c8c9-49e4-a8d2-6b3e67cb3517', 
'9fb49256-2d30-4878-90ee-3bca8b68e589', 
'LastRunTime', 
'lastruntime', 
4, 
0, 
'0', 
FALSE);
INSERT INTO `mendixsystem$attribute` (`id`, 
`entity_id`, 
`attribute_name`, 
`column_name`, 
`type`, 
`length`, 
`default_value`, 
`is_auto_number`)
 VALUES ('a97ef42f-f4cd-4638-9914-2bf8a28656f1', 
'9fb49256-2d30-4878-90ee-3bca8b68e589', 
'AutoRollbackMFs', 
'autorollbackmfs', 
10, 
0, 
'true', 
FALSE);
INSERT INTO `mendixsystem$attribute` (`id`, 
`entity_id`, 
`attribute_name`, 
`column_name`, 
`type`, 
`length`, 
`default_value`, 
`is_auto_number`)
 VALUES ('84e5c6d7-2c1b-4a5b-a577-1a3cd656fcfe', 
'9fb49256-2d30-4878-90ee-3bca8b68e589', 
'Prefix2', 
'prefix2', 
30, 
10, 
'UT_', 
FALSE);
INSERT INTO `mendixsystem$attribute` (`id`, 
`entity_id`, 
`attribute_name`, 
`column_name`, 
`type`, 
`length`, 
`default_value`, 
`is_auto_number`)
 VALUES ('7a5d9ba5-84db-4319-bdd7-4e4720ab8f5d', 
'9fb49256-2d30-4878-90ee-3bca8b68e589', 
'Module', 
'module', 
30, 
200, 
'', 
FALSE);
INSERT INTO `mendixsystem$attribute` (`id`, 
`entity_id`, 
`attribute_name`, 
`column_name`, 
`type`, 
`length`, 
`default_value`, 
`is_auto_number`)
 VALUES ('0a9975d0-8a30-43c8-b0de-09c674d5eb85', 
'9fb49256-2d30-4878-90ee-3bca8b68e589', 
'LastRun', 
'lastrun', 
20, 
0, 
'', 
FALSE);
INSERT INTO `mendixsystem$attribute` (`id`, 
`entity_id`, 
`attribute_name`, 
`column_name`, 
`type`, 
`length`, 
`default_value`, 
`is_auto_number`)
 VALUES ('4e5b5bfd-1712-4756-8c36-5c0083b1e7a5', 
'9fb49256-2d30-4878-90ee-3bca8b68e589', 
'Result', 
'result', 
40, 
10, 
'', 
FALSE);
CREATE TABLE `mxmodelreflection$mxobjectenum` (
	`id` BIGINT NOT NULL,
	PRIMARY KEY(`id`));
INSERT INTO `mendixsystem$entity` (`id`, 
`entity_name`, 
`table_name`, 
`superentity_id`)
 VALUES ('059ed165-9ce1-43ce-91b9-ad3b1bd679c9', 
'MxModelReflection.MxObjectEnum', 
'mxmodelreflection$mxobjectenum', 
'8c84bd49-c7a1-45a9-85a5-0965f94260ac');
CREATE TABLE `mxmodelreflection$values` (
	`mxmodelreflection$mxobjectenumid` BIGINT NOT NULL,
	`mxmodelreflection$mxobjectenumvalueid` BIGINT NOT NULL,
	PRIMARY KEY(`mxmodelreflection$mxobjectenumid`,`mxmodelreflection$mxobjectenumvalueid`));
CREATE INDEX `idx_mxmodelreflection$values` ON `mxmodelreflection$values` (`mxmodelreflection$mxobjectenumvalueid`,`mxmodelreflection$mxobjectenumid`);
INSERT INTO `mendixsystem$association` (`id`, 
`association_name`, 
`table_name`, 
`parent_entity_id`, 
`child_entity_id`, 
`parent_column_name`, 
`child_column_name`, 
`index_name`)
 VALUES ('1e840eed-172d-4104-911f-72b4b729512b', 
'MxModelReflection.Values', 
'mxmodelreflection$values', 
'059ed165-9ce1-43ce-91b9-ad3b1bd679c9', 
'942f1ba5-9ed1-4e10-89b0-5941983bf8d1', 
'mxmodelreflection$mxobjectenumid', 
'mxmodelreflection$mxobjectenumvalueid', 
'idx_mxmodelreflection$values');
CREATE TABLE `system$filedocument` (
	`id` BIGINT NOT NULL,
	`__uuid__` NVARCHAR(36) NULL,
	`deleteafterdownload` BOOL NULL,
	`changeddate` DATETIME NULL,
	`contents` LONGBLOB NULL,
	`createddate` DATETIME NULL,
	`size` BIGINT NULL,
	`hascontents` BOOL NULL,
	`fileid` BIGINT NULL,
	`__filename__` BIGINT NULL,
	`name` NVARCHAR(400) NULL,
	`submetaobjectname` NVARCHAR(255) NULL,
	`system$owner` BIGINT NULL,
	`system$changedby` BIGINT NULL,
	PRIMARY KEY(`id`));
CREATE INDEX `idx_system$filedocument_fileid` ON `system$filedocument` (`fileid`,`id`);
CREATE INDEX `idx_system$filedocument_size` ON `system$filedocument` (`size`,`id`);
CREATE INDEX `idx_system$filedocument_submetaobjectname` ON `system$filedocument` (`submetaobjectname`,`id`);
CREATE INDEX `idx_system$filedocument_system$owner` ON `system$filedocument` (`system$owner`,`id`);
CREATE INDEX `idx_system$filedocument_system$changedby` ON `system$filedocument` (`system$changedby`,`id`);
INSERT INTO `mendixsystem$entity` (`id`, 
`entity_name`, 
`table_name`)
 VALUES ('170ce49d-f29c-4fac-99a6-b55e8a3aeb39', 
'System.FileDocument', 
'system$filedocument');
INSERT INTO `mendixsystem$attribute` (`id`, 
`entity_id`, 
`attribute_name`, 
`column_name`, 
`type`, 
`length`, 
`default_value`, 
`is_auto_number`)
 VALUES ('96445370-6fed-11e4-9803-0800200c9a66', 
'170ce49d-f29c-4fac-99a6-b55e8a3aeb39', 
'__UUID__', 
'__uuid__', 
30, 
36, 
'', 
FALSE);
INSERT INTO `mendixsystem$attribute` (`id`, 
`entity_id`, 
`attribute_name`, 
`column_name`, 
`type`, 
`length`, 
`default_value`, 
`is_auto_number`)
 VALUES ('5fecca4d-0f28-484d-9fe7-1afde250b07d', 
'170ce49d-f29c-4fac-99a6-b55e8a3aeb39', 
'DeleteAfterDownload', 
'deleteafterdownload', 
10, 
0, 
'false', 
FALSE);
INSERT INTO `mendixsystem$attribute` (`id`, 
`entity_id`, 
`attribute_name`, 
`column_name`, 
`type`, 
`length`, 
`default_value`, 
`is_auto_number`)
 VALUES ('245def96-0172-3d83-96fe-0ee1ba825f26', 
'170ce49d-f29c-4fac-99a6-b55e8a3aeb39', 
'changedDate', 
'changeddate', 
20, 
0, 
'', 
FALSE);
INSERT INTO `mendixsystem$attribute` (`id`, 
`entity_id`, 
`attribute_name`, 
`column_name`, 
`type`, 
`length`, 
`default_value`, 
`is_auto_number`)
 VALUES ('e6dfb82a-54fe-4fcd-a513-a086f508c2db', 
'170ce49d-f29c-4fac-99a6-b55e8a3aeb39', 
'Contents', 
'contents', 
50, 
0, 
'', 
FALSE);
INSERT INTO `mendixsystem$attribute` (`id`, 
`entity_id`, 
`attribute_name`, 
`column_name`, 
`type`, 
`length`, 
`default_value`, 
`is_auto_number`)
 VALUES ('8655b482-0ac3-31db-8289-b05f505b77cb', 
'170ce49d-f29c-4fac-99a6-b55e8a3aeb39', 
'createdDate', 
'createddate', 
20, 
0, 
'', 
FALSE);
INSERT INTO `mendixsystem$attribute` (`id`, 
`entity_id`, 
`attribute_name`, 
`column_name`, 
`type`, 
`length`, 
`default_value`, 
`is_auto_number`)
 VALUES ('14018140-78df-4e36-9869-d0b53129d2c9', 
'170ce49d-f29c-4fac-99a6-b55e8a3aeb39', 
'Size', 
'size', 
4, 
0, 
'-1', 
FALSE);
INSERT INTO `mendixsystem$attribute` (`id`, 
`entity_id`, 
`attribute_name`, 
`column_name`, 
`type`, 
`length`, 
`default_value`, 
`is_auto_number`)
 VALUES ('4c9627fb-3b64-4239-95eb-f51fb8d3f2b3', 
'170ce49d-f29c-4fac-99a6-b55e8a3aeb39', 
'HasContents', 
'hascontents', 
10, 
0, 
'false', 
FALSE);
INSERT INTO `mendixsystem$attribute` (`id`, 
`entity_id`, 
`attribute_name`, 
`column_name`, 
`type`, 
`length`, 
`default_value`, 
`is_auto_number`)
 VALUES ('0f81688b-e719-4204-8f86-8fcd664a0992', 
'170ce49d-f29c-4fac-99a6-b55e8a3aeb39', 
'FileID', 
'fileid', 
0, 
0, 
'1', 
TRUE);
INSERT INTO `mendixsystem$sequence` (`attribute_id`, 
`name`, 
`start_value`, 
`current_value`)
 VALUES ('0f81688b-e719-4204-8f86-8fcd664a0992', 
'system$filedocument_fileid_mxseq', 
1, 
0);
INSERT INTO `mendixsystem$attribute` (`id`, 
`entity_id`, 
`attribute_name`, 
`column_name`, 
`type`, 
`length`, 
`default_value`, 
`is_auto_number`)
 VALUES ('a02027b1-e24d-49fc-9b3f-ade644070879', 
'170ce49d-f29c-4fac-99a6-b55e8a3aeb39', 
'__FileName__', 
'__filename__', 
0, 
0, 
'1', 
TRUE);
INSERT INTO `mendixsystem$sequence` (`attribute_id`, 
`name`, 
`start_value`, 
`current_value`)
 VALUES ('a02027b1-e24d-49fc-9b3f-ade644070879', 
'system$filedocument___filename___mxseq', 
1, 
0);
INSERT INTO `mendixsystem$attribute` (`id`, 
`entity_id`, 
`attribute_name`, 
`column_name`, 
`type`, 
`length`, 
`default_value`, 
`is_auto_number`)
 VALUES ('3501ab9f-42c7-46e4-ac8f-c51e256c934e', 
'170ce49d-f29c-4fac-99a6-b55e8a3aeb39', 
'Name', 
'name', 
30, 
400, 
'', 
FALSE);
INSERT INTO `mendixsystem$attribute` (`id`, 
`entity_id`, 
`attribute_name`, 
`column_name`, 
`type`, 
`length`, 
`default_value`, 
`is_auto_number`)
 VALUES ('b51ea62a-1838-3f74-9c5f-07b5b5a92a45', 
'170ce49d-f29c-4fac-99a6-b55e8a3aeb39', 
'submetaobjectname', 
'submetaobjectname', 
30, 
255, 
'System.FileDocument', 
FALSE);
INSERT INTO `mendixsystem$index` (`id`, 
`table_id`, 
`index_name`)
 VALUES ('6ceea2cb-6acf-457a-852f-eb7deab79430', 
'170ce49d-f29c-4fac-99a6-b55e8a3aeb39', 
'idx_system$filedocument_fileid');
INSERT INTO `mendixsystem$index_column` (`index_id`, 
`column_id`, 
`sort_order`, 
`ordinal`)
 VALUES ('6ceea2cb-6acf-457a-852f-eb7deab79430', 
'0f81688b-e719-4204-8f86-8fcd664a0992', 
FALSE, 
0);
INSERT INTO `mendixsystem$index` (`id`, 
`table_id`, 
`index_name`)
 VALUES ('59de2f9e-3e30-4dd7-a5de-58594a63ea2b', 
'170ce49d-f29c-4fac-99a6-b55e8a3aeb39', 
'idx_system$filedocument_size');
INSERT INTO `mendixsystem$index_column` (`index_id`, 
`column_id`, 
`sort_order`, 
`ordinal`)
 VALUES ('59de2f9e-3e30-4dd7-a5de-58594a63ea2b', 
'14018140-78df-4e36-9869-d0b53129d2c9', 
FALSE, 
0);
INSERT INTO `mendixsystem$index` (`id`, 
`table_id`, 
`index_name`)
 VALUES ('dfd88a6e-a3b6-3080-b6cc-d5c61334281d', 
'170ce49d-f29c-4fac-99a6-b55e8a3aeb39', 
'idx_system$filedocument_submetaobjectname');
INSERT INTO `mendixsystem$index_column` (`index_id`, 
`column_id`, 
`sort_order`, 
`ordinal`)
 VALUES ('dfd88a6e-a3b6-3080-b6cc-d5c61334281d', 
'b51ea62a-1838-3f74-9c5f-07b5b5a92a45', 
FALSE, 
0);
INSERT INTO `mendixsystem$index` (`id`, 
`table_id`, 
`index_name`)
 VALUES ('a5c117d9-85fc-365e-9a66-909509269987', 
'170ce49d-f29c-4fac-99a6-b55e8a3aeb39', 
'idx_system$filedocument_system$owner');
INSERT INTO `mendixsystem$index_column` (`index_id`, 
`column_id`, 
`sort_order`, 
`ordinal`)
 VALUES ('a5c117d9-85fc-365e-9a66-909509269987', 
'1442c9da-d4ae-3cf5-b3c0-6c878743e4e5', 
FALSE, 
0);
INSERT INTO `mendixsystem$index` (`id`, 
`table_id`, 
`index_name`)
 VALUES ('a1966801-fcea-3251-82e4-bf4178bdc504', 
'170ce49d-f29c-4fac-99a6-b55e8a3aeb39', 
'idx_system$filedocument_system$changedby');
INSERT INTO `mendixsystem$index_column` (`index_id`, 
`column_id`, 
`sort_order`, 
`ordinal`)
 VALUES ('a1966801-fcea-3251-82e4-bf4178bdc504', 
'956c1382-b9fc-3367-b0b2-cb67ee9ef13f', 
FALSE, 
0);
INSERT INTO `mendixsystem$association` (`id`, 
`association_name`, 
`table_name`, 
`parent_entity_id`, 
`child_entity_id`, 
`parent_column_name`, 
`child_column_name`)
 VALUES ('1442c9da-d4ae-3cf5-b3c0-6c878743e4e5', 
'System.owner', 
'system$owner', 
'170ce49d-f29c-4fac-99a6-b55e8a3aeb39', 
'282e2e60-88a5-469d-84a5-ba8d9151644f', 
'id', 
'system$owner');
INSERT INTO `mendixsystem$association` (`id`, 
`association_name`, 
`table_name`, 
`parent_entity_id`, 
`child_entity_id`, 
`parent_column_name`, 
`child_column_name`)
 VALUES ('956c1382-b9fc-3367-b0b2-cb67ee9ef13f', 
'System.changedBy', 
'system$changedby', 
'170ce49d-f29c-4fac-99a6-b55e8a3aeb39', 
'282e2e60-88a5-469d-84a5-ba8d9151644f', 
'id', 
'system$changedby');
CREATE TABLE `mxmodelreflection$mxobjectenumvalue` (
	`id` BIGINT NOT NULL,
	`changeddate` DATETIME NULL,
	`createddate` DATETIME NULL,
	`name` NVARCHAR(200) NULL,
	`system$owner` BIGINT NULL,
	`system$changedby` BIGINT NULL,
	PRIMARY KEY(`id`));
CREATE INDEX `idx_mxmodelreflection$mxobjectenumvalue_system$owner` ON `mxmodelreflection$mxobjectenumvalue` (`system$owner`,`id`);
CREATE INDEX `idx_mxmodelreflection$mxobjectenumvalue_system$changedby` ON `mxmodelreflection$mxobjectenumvalue` (`system$changedby`,`id`);
INSERT INTO `mendixsystem$entity` (`id`, 
`entity_name`, 
`table_name`)
 VALUES ('942f1ba5-9ed1-4e10-89b0-5941983bf8d1', 
'MxModelReflection.MxObjectEnumValue', 
'mxmodelreflection$mxobjectenumvalue');
INSERT INTO `mendixsystem$attribute` (`id`, 
`entity_id`, 
`attribute_name`, 
`column_name`, 
`type`, 
`length`, 
`default_value`, 
`is_auto_number`)
 VALUES ('18c5e694-d1cf-3439-8400-1c20af3f34fe', 
'942f1ba5-9ed1-4e10-89b0-5941983bf8d1', 
'changedDate', 
'changeddate', 
20, 
0, 
'', 
FALSE);
INSERT INTO `mendixsystem$attribute` (`id`, 
`entity_id`, 
`attribute_name`, 
`column_name`, 
`type`, 
`length`, 
`default_value`, 
`is_auto_number`)
 VALUES ('08ef1fcd-00d5-39dc-aa2f-a9030de192bf', 
'942f1ba5-9ed1-4e10-89b0-5941983bf8d1', 
'createdDate', 
'createddate', 
20, 
0, 
'', 
FALSE);
INSERT INTO `mendixsystem$attribute` (`id`, 
`entity_id`, 
`attribute_name`, 
`column_name`, 
`type`, 
`length`, 
`default_value`, 
`is_auto_number`)
 VALUES ('0c376297-a33c-40ea-a2c4-6a1ee5745d2b', 
'942f1ba5-9ed1-4e10-89b0-5941983bf8d1', 
'Name', 
'name', 
30, 
200, 
'', 
FALSE);
INSERT INTO `mendixsystem$index` (`id`, 
`table_id`, 
`index_name`)
 VALUES ('02f0434b-14a9-3be8-8b25-d494243e5517', 
'942f1ba5-9ed1-4e10-89b0-5941983bf8d1', 
'idx_mxmodelreflection$mxobjectenumvalue_system$owner');
INSERT INTO `mendixsystem$index_column` (`index_id`, 
`column_id`, 
`sort_order`, 
`ordinal`)
 VALUES ('02f0434b-14a9-3be8-8b25-d494243e5517', 
'0e6e7f80-f560-36bb-83fd-40c82a729b35', 
FALSE, 
0);
INSERT INTO `mendixsystem$index` (`id`, 
`table_id`, 
`index_name`)
 VALUES ('eafe194d-69e2-3fa0-919d-d78de048052a', 
'942f1ba5-9ed1-4e10-89b0-5941983bf8d1', 
'idx_mxmodelreflection$mxobjectenumvalue_system$changedby');
INSERT INTO `mendixsystem$index_column` (`index_id`, 
`column_id`, 
`sort_order`, 
`ordinal`)
 VALUES ('eafe194d-69e2-3fa0-919d-d78de048052a', 
'01bdb663-96cb-34d7-9a10-c5530f7bec09', 
FALSE, 
0);
INSERT INTO `mendixsystem$association` (`id`, 
`association_name`, 
`table_name`, 
`parent_entity_id`, 
`child_entity_id`, 
`parent_column_name`, 
`child_column_name`)
 VALUES ('0e6e7f80-f560-36bb-83fd-40c82a729b35', 
'System.owner', 
'system$owner', 
'942f1ba5-9ed1-4e10-89b0-5941983bf8d1', 
'282e2e60-88a5-469d-84a5-ba8d9151644f', 
'id', 
'system$owner');
INSERT INTO `mendixsystem$association` (`id`, 
`association_name`, 
`table_name`, 
`parent_entity_id`, 
`child_entity_id`, 
`parent_column_name`, 
`child_column_name`)
 VALUES ('01bdb663-96cb-34d7-9a10-c5530f7bec09', 
'System.changedBy', 
'system$changedby', 
'942f1ba5-9ed1-4e10-89b0-5941983bf8d1', 
'282e2e60-88a5-469d-84a5-ba8d9151644f', 
'id', 
'system$changedby');
CREATE TABLE `mxmodelreflection$captions` (
	`mxmodelreflection$mxobjectenumvalueid` BIGINT NOT NULL,
	`mxmodelreflection$mxobjectenumcaptionsid` BIGINT NOT NULL,
	PRIMARY KEY(`mxmodelreflection$mxobjectenumvalueid`,`mxmodelreflection$mxobjectenumcaptionsid`));
CREATE INDEX `idx_mxmodelreflection$captions` ON `mxmodelreflection$captions` (`mxmodelreflection$mxobjectenumcaptionsid`,`mxmodelreflection$mxobjectenumvalueid`);
INSERT INTO `mendixsystem$association` (`id`, 
`association_name`, 
`table_name`, 
`parent_entity_id`, 
`child_entity_id`, 
`parent_column_name`, 
`child_column_name`, 
`index_name`)
 VALUES ('047b4247-5c44-45ef-9b3d-0688c0912c40', 
'MxModelReflection.Captions', 
'mxmodelreflection$captions', 
'942f1ba5-9ed1-4e10-89b0-5941983bf8d1', 
'f377b792-b9a1-407f-9d4a-d0fd188f64c2', 
'mxmodelreflection$mxobjectenumvalueid', 
'mxmodelreflection$mxobjectenumcaptionsid', 
'idx_mxmodelreflection$captions');
CREATE TABLE `system$backgroundjob` (
	`id` BIGINT NOT NULL,
	`endtime` DATETIME NULL,
	`starttime` DATETIME NULL,
	`successful` BOOL NULL,
	`jobid` BIGINT NULL,
	`result` LONGTEXT CHARSET utf8 NULL,
	PRIMARY KEY(`id`));
CREATE INDEX `idx_system$backgroundjob_jobid` ON `system$backgroundjob` (`jobid`,`id`);
INSERT INTO `mendixsystem$entity` (`id`, 
`entity_name`, 
`table_name`)
 VALUES ('660db38b-5ab4-4d15-b649-93a947ecea82', 
'System.BackgroundJob', 
'system$backgroundjob');
INSERT INTO `mendixsystem$attribute` (`id`, 
`entity_id`, 
`attribute_name`, 
`column_name`, 
`type`, 
`length`, 
`default_value`, 
`is_auto_number`)
 VALUES ('9c471b02-f266-4e27-9e2f-907d0fad6552', 
'660db38b-5ab4-4d15-b649-93a947ecea82', 
'EndTime', 
'endtime', 
20, 
0, 
'', 
FALSE);
INSERT INTO `mendixsystem$attribute` (`id`, 
`entity_id`, 
`attribute_name`, 
`column_name`, 
`type`, 
`length`, 
`default_value`, 
`is_auto_number`)
 VALUES ('d5aa1ceb-6dfe-457b-afb7-e969a814eafd', 
'660db38b-5ab4-4d15-b649-93a947ecea82', 
'StartTime', 
'starttime', 
20, 
0, 
'', 
FALSE);
INSERT INTO `mendixsystem$attribute` (`id`, 
`entity_id`, 
`attribute_name`, 
`column_name`, 
`type`, 
`length`, 
`default_value`, 
`is_auto_number`)
 VALUES ('c56553ba-a3d4-4d9e-bc81-e61ee64da79b', 
'660db38b-5ab4-4d15-b649-93a947ecea82', 
'Successful', 
'successful', 
10, 
0, 
'false', 
FALSE);
INSERT INTO `mendixsystem$attribute` (`id`, 
`entity_id`, 
`attribute_name`, 
`column_name`, 
`type`, 
`length`, 
`default_value`, 
`is_auto_number`)
 VALUES ('97bcc327-4d2b-4a28-a57a-7e7437416bfe', 
'660db38b-5ab4-4d15-b649-93a947ecea82', 
'JobId', 
'jobid', 
4, 
0, 
'0', 
FALSE);
INSERT INTO `mendixsystem$attribute` (`id`, 
`entity_id`, 
`attribute_name`, 
`column_name`, 
`type`, 
`length`, 
`default_value`, 
`is_auto_number`)
 VALUES ('c33867e7-7263-4ce6-826a-714e7493f07a', 
'660db38b-5ab4-4d15-b649-93a947ecea82', 
'Result', 
'result', 
30, 
0, 
'', 
FALSE);
INSERT INTO `mendixsystem$index` (`id`, 
`table_id`, 
`index_name`)
 VALUES ('a5ff48ca-56d6-4f43-8e3a-7743fd025974', 
'660db38b-5ab4-4d15-b649-93a947ecea82', 
'idx_system$backgroundjob_jobid');
INSERT INTO `mendixsystem$index_column` (`index_id`, 
`column_id`, 
`sort_order`, 
`ordinal`)
 VALUES ('a5ff48ca-56d6-4f43-8e3a-7743fd025974', 
'97bcc327-4d2b-4a28-a57a-7e7437416bfe', 
FALSE, 
0);
CREATE TABLE `system$backgroundjob_session` (
	`system$backgroundjobid` BIGINT NOT NULL,
	`system$sessionid` BIGINT NOT NULL,
	PRIMARY KEY(`system$backgroundjobid`,`system$sessionid`),
	CONSTRAINT `uniq_system$backgroundjob_session_system$backgroundjobid` UNIQUE (`system$backgroundjobid`));
CREATE INDEX `idx_system$backgroundjob_session` ON `system$backgroundjob_session` (`system$sessionid`,`system$backgroundjobid`);
INSERT INTO `mendixsystem$association` (`id`, 
`association_name`, 
`table_name`, 
`parent_entity_id`, 
`child_entity_id`, 
`parent_column_name`, 
`child_column_name`, 
`index_name`)
 VALUES ('19892a2b-f17a-4c29-80c1-c81f8025b36c', 
'System.BackgroundJob_Session', 
'system$backgroundjob_session', 
'660db38b-5ab4-4d15-b649-93a947ecea82', 
'37f9fd49-5318-4c63-9a51-f761779b202f', 
'system$backgroundjobid', 
'system$sessionid', 
'idx_system$backgroundjob_session');
INSERT INTO `mendixsystem$unique_constraint` (`name`, 
`table_id`, 
`column_id`)
 VALUES ('uniq_system$backgroundjob_session_system$backgroundjobid', 
'19892a2b-f17a-4c29-80c1-c81f8025b36c', 
'60770e0f-201c-3f24-8a1e-d8b42a715ddb');
CREATE TABLE `system$backgroundjob_xasinstance` (
	`system$backgroundjobid` BIGINT NOT NULL,
	`system$xasinstanceid` BIGINT NOT NULL,
	PRIMARY KEY(`system$backgroundjobid`,`system$xasinstanceid`),
	CONSTRAINT `uniq_system$backgroundjob_xasinstance_system$backgroundjobid` UNIQUE (`system$backgroundjobid`));
CREATE INDEX `idx_system$backgroundjob_xasinstance` ON `system$backgroundjob_xasinstance` (`system$xasinstanceid`,`system$backgroundjobid`);
INSERT INTO `mendixsystem$association` (`id`, 
`association_name`, 
`table_name`, 
`parent_entity_id`, 
`child_entity_id`, 
`parent_column_name`, 
`child_column_name`, 
`index_name`)
 VALUES ('fc3944c4-7a19-4a4d-9b0d-4a0c9d7aeb23', 
'System.BackgroundJob_XASInstance', 
'system$backgroundjob_xasinstance', 
'660db38b-5ab4-4d15-b649-93a947ecea82', 
'd4154981-8dac-4150-aec5-efa3ef62a7a2', 
'system$backgroundjobid', 
'system$xasinstanceid', 
'idx_system$backgroundjob_xasinstance');
INSERT INTO `mendixsystem$unique_constraint` (`name`, 
`table_id`, 
`column_id`)
 VALUES ('uniq_system$backgroundjob_xasinstance_system$backgroundjobid', 
'fc3944c4-7a19-4a4d-9b0d-4a0c9d7aeb23', 
'4fcadd5b-cfd5-3991-bdb8-19c4d63b1aa5');
CREATE TABLE `system$scheduledeventinformation` (
	`id` BIGINT NOT NULL,
	`status` NVARCHAR(9) NULL,
	`description` LONGTEXT CHARSET utf8 NULL,
	`endtime` DATETIME NULL,
	`starttime` DATETIME NULL,
	`name` NVARCHAR(200) NULL,
	PRIMARY KEY(`id`));
INSERT INTO `mendixsystem$entity` (`id`, 
`entity_name`, 
`table_name`)
 VALUES ('685df5a6-1e02-49bb-a0b5-5a55c5e8313d', 
'System.ScheduledEventInformation', 
'system$scheduledeventinformation');
INSERT INTO `mendixsystem$attribute` (`id`, 
`entity_id`, 
`attribute_name`, 
`column_name`, 
`type`, 
`length`, 
`default_value`, 
`is_auto_number`)
 VALUES ('6d2a7545-4e52-4c5d-ac02-0b8211d0585f', 
'685df5a6-1e02-49bb-a0b5-5a55c5e8313d', 
'Status', 
'status', 
40, 
9, 
'', 
FALSE);
INSERT INTO `mendixsystem$attribute` (`id`, 
`entity_id`, 
`attribute_name`, 
`column_name`, 
`type`, 
`length`, 
`default_value`, 
`is_auto_number`)
 VALUES ('26ccae8a-22b1-4899-87c9-c5b4915dbf28', 
'685df5a6-1e02-49bb-a0b5-5a55c5e8313d', 
'Description', 
'description', 
30, 
0, 
'', 
FALSE);
INSERT INTO `mendixsystem$attribute` (`id`, 
`entity_id`, 
`attribute_name`, 
`column_name`, 
`type`, 
`length`, 
`default_value`, 
`is_auto_number`)
 VALUES ('33adad79-f658-4e69-8c58-e003fb3c78be', 
'685df5a6-1e02-49bb-a0b5-5a55c5e8313d', 
'EndTime', 
'endtime', 
20, 
0, 
'', 
FALSE);
INSERT INTO `mendixsystem$attribute` (`id`, 
`entity_id`, 
`attribute_name`, 
`column_name`, 
`type`, 
`length`, 
`default_value`, 
`is_auto_number`)
 VALUES ('651e7007-7fcd-43b3-a918-a0de81de34bf', 
'685df5a6-1e02-49bb-a0b5-5a55c5e8313d', 
'StartTime', 
'starttime', 
20, 
0, 
'', 
FALSE);
INSERT INTO `mendixsystem$attribute` (`id`, 
`entity_id`, 
`attribute_name`, 
`column_name`, 
`type`, 
`length`, 
`default_value`, 
`is_auto_number`)
 VALUES ('8b7184a0-cd05-4c75-89f9-be6e9349783b', 
'685df5a6-1e02-49bb-a0b5-5a55c5e8313d', 
'Name', 
'name', 
30, 
200, 
'', 
FALSE);
CREATE TABLE `unittesting$unittest` (
	`id` BIGINT NOT NULL,
	`ismf` BOOL NULL,
	`readabletime` NVARCHAR(300) NULL,
	`resultmessage` LONGTEXT CHARSET utf8 NULL,
	`_dirty` BOOL NULL,
	`name` LONGTEXT CHARSET utf8 NULL,
	`result` NVARCHAR(10) NULL,
	`laststep` LONGTEXT CHARSET utf8 NULL,
	`lastrun` DATETIME NULL,
	PRIMARY KEY(`id`));
INSERT INTO `mendixsystem$entity` (`id`, 
`entity_name`, 
`table_name`)
 VALUES ('987bdfdb-6093-45dd-9387-905d748fbbce', 
'UnitTesting.UnitTest', 
'unittesting$unittest');
INSERT INTO `mendixsystem$attribute` (`id`, 
`entity_id`, 
`attribute_name`, 
`column_name`, 
`type`, 
`length`, 
`default_value`, 
`is_auto_number`)
 VALUES ('1f8a0929-ddc3-4933-9694-109135c93ebc', 
'987bdfdb-6093-45dd-9387-905d748fbbce', 
'IsMf', 
'ismf', 
10, 
0, 
'false', 
FALSE);
INSERT INTO `mendixsystem$attribute` (`id`, 
`entity_id`, 
`attribute_name`, 
`column_name`, 
`type`, 
`length`, 
`default_value`, 
`is_auto_number`)
 VALUES ('64fb3bc2-1b71-4dd4-89df-628289d0afa1', 
'987bdfdb-6093-45dd-9387-905d748fbbce', 
'ReadableTime', 
'readabletime', 
30, 
300, 
'', 
FALSE);
INSERT INTO `mendixsystem$attribute` (`id`, 
`entity_id`, 
`attribute_name`, 
`column_name`, 
`type`, 
`length`, 
`default_value`, 
`is_auto_number`)
 VALUES ('4396c7ec-8393-488b-b89c-277b689dac48', 
'987bdfdb-6093-45dd-9387-905d748fbbce', 
'ResultMessage', 
'resultmessage', 
30, 
0, 
'', 
FALSE);
INSERT INTO `mendixsystem$attribute` (`id`, 
`entity_id`, 
`attribute_name`, 
`column_name`, 
`type`, 
`length`, 
`default_value`, 
`is_auto_number`)
 VALUES ('deef5291-f47c-452b-8ec2-2c2ff3438358', 
'987bdfdb-6093-45dd-9387-905d748fbbce', 
'_dirty', 
'_dirty', 
10, 
0, 
'false', 
FALSE);
INSERT INTO `mendixsystem$attribute` (`id`, 
`entity_id`, 
`attribute_name`, 
`column_name`, 
`type`, 
`length`, 
`default_value`, 
`is_auto_number`)
 VALUES ('0d7a7ba4-0583-46d0-9ee3-28802d6f0419', 
'987bdfdb-6093-45dd-9387-905d748fbbce', 
'Name', 
'name', 
30, 
0, 
'', 
FALSE);
INSERT INTO `mendixsystem$attribute` (`id`, 
`entity_id`, 
`attribute_name`, 
`column_name`, 
`type`, 
`length`, 
`default_value`, 
`is_auto_number`)
 VALUES ('a6b95b60-be10-4dd4-a530-81ca72fd9021', 
'987bdfdb-6093-45dd-9387-905d748fbbce', 
'Result', 
'result', 
40, 
10, 
'', 
FALSE);
INSERT INTO `mendixsystem$attribute` (`id`, 
`entity_id`, 
`attribute_name`, 
`column_name`, 
`type`, 
`length`, 
`default_value`, 
`is_auto_number`)
 VALUES ('b8ffb8e4-f4ee-4458-994d-615df6bef775', 
'987bdfdb-6093-45dd-9387-905d748fbbce', 
'LastStep', 
'laststep', 
30, 
0, 
'', 
FALSE);
INSERT INTO `mendixsystem$attribute` (`id`, 
`entity_id`, 
`attribute_name`, 
`column_name`, 
`type`, 
`length`, 
`default_value`, 
`is_auto_number`)
 VALUES ('dc5d44b0-56c8-4ef6-afa4-9348197c27e5', 
'987bdfdb-6093-45dd-9387-905d748fbbce', 
'LastRun', 
'lastrun', 
20, 
0, 
'', 
FALSE);
CREATE TABLE `unittesting$unittest_testsuite` (
	`unittesting$unittestid` BIGINT NOT NULL,
	`unittesting$testsuiteid` BIGINT NOT NULL,
	PRIMARY KEY(`unittesting$unittestid`,`unittesting$testsuiteid`),
	CONSTRAINT `uniq_unittesting$unittest_testsuite_unittesting$unittestid` UNIQUE (`unittesting$unittestid`));
CREATE INDEX `idx_unittesting$unittest_testsuite` ON `unittesting$unittest_testsuite` (`unittesting$testsuiteid`,`unittesting$unittestid`);
INSERT INTO `mendixsystem$association` (`id`, 
`association_name`, 
`table_name`, 
`parent_entity_id`, 
`child_entity_id`, 
`parent_column_name`, 
`child_column_name`, 
`index_name`)
 VALUES ('dcc9d098-5bd5-4b65-bc3b-9d02cb491281', 
'UnitTesting.UnitTest_TestSuite', 
'unittesting$unittest_testsuite', 
'987bdfdb-6093-45dd-9387-905d748fbbce', 
'9fb49256-2d30-4878-90ee-3bca8b68e589', 
'unittesting$unittestid', 
'unittesting$testsuiteid', 
'idx_unittesting$unittest_testsuite');
INSERT INTO `mendixsystem$unique_constraint` (`name`, 
`table_id`, 
`column_id`)
 VALUES ('uniq_unittesting$unittest_testsuite_unittesting$unittestid', 
'dcc9d098-5bd5-4b65-bc3b-9d02cb491281', 
'da3ef3aa-da58-3eea-b330-bf70d5b4a6f2');
CREATE TABLE `mxmodelreflection$dbsizeestimate` (
	`id` BIGINT NOT NULL,
	`findobjecttype` NVARCHAR(200) NULL,
	`calculatedsizeinkilobytes` BIGINT NULL,
	`calculatedsizeinbytes` BIGINT NULL,
	`nrofrecords` INT NULL,
	PRIMARY KEY(`id`));
INSERT INTO `mendixsystem$entity` (`id`, 
`entity_name`, 
`table_name`)
 VALUES ('942dd8e3-15ac-4604-83ac-9ea634c33aa2', 
'MxModelReflection.DbSizeEstimate', 
'mxmodelreflection$dbsizeestimate');
INSERT INTO `mendixsystem$attribute` (`id`, 
`entity_id`, 
`attribute_name`, 
`column_name`, 
`type`, 
`length`, 
`default_value`, 
`is_auto_number`)
 VALUES ('43811bdb-a217-48bd-9488-3006ed2072ef', 
'942dd8e3-15ac-4604-83ac-9ea634c33aa2', 
'FindObjectType', 
'findobjecttype', 
30, 
200, 
'', 
FALSE);
INSERT INTO `mendixsystem$attribute` (`id`, 
`entity_id`, 
`attribute_name`, 
`column_name`, 
`type`, 
`length`, 
`default_value`, 
`is_auto_number`)
 VALUES ('f2d9e67a-1f66-4484-b180-3f042cbac847', 
'942dd8e3-15ac-4604-83ac-9ea634c33aa2', 
'CalculatedSizeInKiloBytes', 
'calculatedsizeinkilobytes', 
4, 
0, 
'0', 
FALSE);
INSERT INTO `mendixsystem$attribute` (`id`, 
`entity_id`, 
`attribute_name`, 
`column_name`, 
`type`, 
`length`, 
`default_value`, 
`is_auto_number`)
 VALUES ('8f53bd1a-4f37-4e71-b3ef-2cf1cc87fe2b', 
'942dd8e3-15ac-4604-83ac-9ea634c33aa2', 
'CalculatedSizeInBytes', 
'calculatedsizeinbytes', 
4, 
0, 
'0', 
FALSE);
INSERT INTO `mendixsystem$attribute` (`id`, 
`entity_id`, 
`attribute_name`, 
`column_name`, 
`type`, 
`length`, 
`default_value`, 
`is_auto_number`)
 VALUES ('91158dc4-ba1f-4280-8462-2a98b2101f6d', 
'942dd8e3-15ac-4604-83ac-9ea634c33aa2', 
'NrOfRecords', 
'nrofrecords', 
3, 
0, 
'', 
FALSE);
CREATE TABLE `mxmodelreflection$dbsizeestimate_mxobjecttype` (
	`mxmodelreflection$dbsizeestimateid` BIGINT NOT NULL,
	`mxmodelreflection$mxobjecttypeid` BIGINT NOT NULL,
	PRIMARY KEY(`mxmodelreflection$dbsizeestimateid`,`mxmodelreflection$mxobjecttypeid`),
	CONSTRAINT `uniq_mxmodelrefle$dbsizeestim_mxobjectt_mxmodelrefle$dbsizeestim` UNIQUE (`mxmodelreflection$dbsizeestimateid`));
CREATE INDEX `idx_mxmodelreflection$dbsizeestimate_mxobjecttype` ON `mxmodelreflection$dbsizeestimate_mxobjecttype` (`mxmodelreflection$mxobjecttypeid`,`mxmodelreflection$dbsizeestimateid`);
INSERT INTO `mendixsystem$association` (`id`, 
`association_name`, 
`table_name`, 
`parent_entity_id`, 
`child_entity_id`, 
`parent_column_name`, 
`child_column_name`, 
`index_name`)
 VALUES ('e4a739cf-8404-4164-b97a-5bde8cf5afbc', 
'MxModelReflection.DbSizeEstimate_MxObjectType', 
'mxmodelreflection$dbsizeestimate_mxobjecttype', 
'942dd8e3-15ac-4604-83ac-9ea634c33aa2', 
'3a63aadf-1fcc-48d3-bc92-97409552c7a0', 
'mxmodelreflection$dbsizeestimateid', 
'mxmodelreflection$mxobjecttypeid', 
'idx_mxmodelreflection$dbsizeestimate_mxobjecttype');
INSERT INTO `mendixsystem$unique_constraint` (`name`, 
`table_id`, 
`column_id`)
 VALUES ('uniq_mxmodelrefle$dbsizeestim_mxobjectt_mxmodelrefle$dbsizeestim', 
'e4a739cf-8404-4164-b97a-5bde8cf5afbc', 
'82d79aa9-9371-3694-b40f-83fea8664052');
CREATE TABLE `postalcodehousenumber$zipcode` (
	`id` BIGINT NOT NULL,
	`zipcode` NVARCHAR(20) NULL,
	`street` NVARCHAR(200) NULL,
	`latitude` NVARCHAR(200) NULL,
	`longitude` NVARCHAR(200) NULL,
	PRIMARY KEY(`id`));
INSERT INTO `mendixsystem$entity` (`id`, 
`entity_name`, 
`table_name`)
 VALUES ('7275b6be-4fe3-4d19-bbb3-be0c85d30925', 
'PostalcodeHousenumber.zipcode', 
'postalcodehousenumber$zipcode');
INSERT INTO `mendixsystem$attribute` (`id`, 
`entity_id`, 
`attribute_name`, 
`column_name`, 
`type`, 
`length`, 
`default_value`, 
`is_auto_number`)
 VALUES ('946ed9a5-009a-4f28-9c6a-676b621e14bb', 
'7275b6be-4fe3-4d19-bbb3-be0c85d30925', 
'Zipcode', 
'zipcode', 
30, 
20, 
'', 
FALSE);
INSERT INTO `mendixsystem$attribute` (`id`, 
`entity_id`, 
`attribute_name`, 
`column_name`, 
`type`, 
`length`, 
`default_value`, 
`is_auto_number`)
 VALUES ('8f8d85b0-a2a6-46e1-909f-54c4cfc937e9', 
'7275b6be-4fe3-4d19-bbb3-be0c85d30925', 
'Street', 
'street', 
30, 
200, 
'', 
FALSE);
INSERT INTO `mendixsystem$attribute` (`id`, 
`entity_id`, 
`attribute_name`, 
`column_name`, 
`type`, 
`length`, 
`default_value`, 
`is_auto_number`)
 VALUES ('167b13cb-df03-4936-a1e9-0b903278b956', 
'7275b6be-4fe3-4d19-bbb3-be0c85d30925', 
'Latitude', 
'latitude', 
30, 
200, 
'', 
FALSE);
INSERT INTO `mendixsystem$attribute` (`id`, 
`entity_id`, 
`attribute_name`, 
`column_name`, 
`type`, 
`length`, 
`default_value`, 
`is_auto_number`)
 VALUES ('41b1b515-d887-44d2-9078-126740aa98c6', 
'7275b6be-4fe3-4d19-bbb3-be0c85d30925', 
'Longitude', 
'longitude', 
30, 
200, 
'', 
FALSE);
CREATE TABLE `postalcodehousenumber$zipcode_townvillage` (
	`postalcodehousenumber$zipcodeid` BIGINT NOT NULL,
	`postalcodehousenumber$townvillageid` BIGINT NOT NULL,
	PRIMARY KEY(`postalcodehousenumber$zipcodeid`,`postalcodehousenumber$townvillageid`),
	CONSTRAINT `uniq_postalcodehousen$zipcod_townvilla_postalcodehousen$zipcodei` UNIQUE (`postalcodehousenumber$zipcodeid`));
CREATE INDEX `idx_postalcodehousenumber$zipcode_townvillage` ON `postalcodehousenumber$zipcode_townvillage` (`postalcodehousenumber$townvillageid`,`postalcodehousenumber$zipcodeid`);
INSERT INTO `mendixsystem$association` (`id`, 
`association_name`, 
`table_name`, 
`parent_entity_id`, 
`child_entity_id`, 
`parent_column_name`, 
`child_column_name`, 
`index_name`)
 VALUES ('977bc91b-cf07-4ada-994f-50724fae9e33', 
'PostalcodeHousenumber.Zipcode_Townvillage', 
'postalcodehousenumber$zipcode_townvillage', 
'7275b6be-4fe3-4d19-bbb3-be0c85d30925', 
'59b29c26-2d52-428d-a7cd-5418411eca07', 
'postalcodehousenumber$zipcodeid', 
'postalcodehousenumber$townvillageid', 
'idx_postalcodehousenumber$zipcode_townvillage');
INSERT INTO `mendixsystem$unique_constraint` (`name`, 
`table_id`, 
`column_id`)
 VALUES ('uniq_postalcodehousen$zipcod_townvilla_postalcodehousen$zipcodei', 
'977bc91b-cf07-4ada-994f-50724fae9e33', 
'0c71213f-304d-397e-9a4e-c395d9007e3e');
CREATE TABLE `mxmodelreflection$mxobjectmember` (
	`id` BIGINT NOT NULL,
	`changeddate` DATETIME NULL,
	`descriptivename` NVARCHAR(200) NULL,
	`createddate` DATETIME NULL,
	`attributetype` NVARCHAR(200) NULL,
	`fieldlength` INT NULL,
	`attributename` NVARCHAR(200) NULL,
	`completename` NVARCHAR(400) NULL,
	`isvirtual` BOOL NULL,
	`attributetypeenum` NVARCHAR(11) NULL,
	`submetaobjectname` NVARCHAR(255) NULL,
	`system$changedby` BIGINT NULL,
	`system$owner` BIGINT NULL,
	PRIMARY KEY(`id`));
CREATE INDEX `idx_mxmodelreflection$mxobjectmember_submetaobjectname` ON `mxmodelreflection$mxobjectmember` (`submetaobjectname`,`id`);
CREATE INDEX `idx_mxmodelreflection$mxobjectmember_system$changedby` ON `mxmodelreflection$mxobjectmember` (`system$changedby`,`id`);
CREATE INDEX `idx_mxmodelreflection$mxobjectmember_system$owner` ON `mxmodelreflection$mxobjectmember` (`system$owner`,`id`);
INSERT INTO `mendixsystem$entity` (`id`, 
`entity_name`, 
`table_name`)
 VALUES ('8c84bd49-c7a1-45a9-85a5-0965f94260ac', 
'MxModelReflection.MxObjectMember', 
'mxmodelreflection$mxobjectmember');
INSERT INTO `mendixsystem$attribute` (`id`, 
`entity_id`, 
`attribute_name`, 
`column_name`, 
`type`, 
`length`, 
`default_value`, 
`is_auto_number`)
 VALUES ('2c037e7f-4c3e-378c-a97d-64eb6a24f481', 
'8c84bd49-c7a1-45a9-85a5-0965f94260ac', 
'changedDate', 
'changeddate', 
20, 
0, 
'', 
FALSE);
INSERT INTO `mendixsystem$attribute` (`id`, 
`entity_id`, 
`attribute_name`, 
`column_name`, 
`type`, 
`length`, 
`default_value`, 
`is_auto_number`)
 VALUES ('9f94083b-14e3-4e48-a073-6de5af8f6f70', 
'8c84bd49-c7a1-45a9-85a5-0965f94260ac', 
'DescriptiveName', 
'descriptivename', 
30, 
200, 
'', 
FALSE);
INSERT INTO `mendixsystem$attribute` (`id`, 
`entity_id`, 
`attribute_name`, 
`column_name`, 
`type`, 
`length`, 
`default_value`, 
`is_auto_number`)
 VALUES ('9c589ecf-014e-3a64-85ac-92c4e7f50c3e', 
'8c84bd49-c7a1-45a9-85a5-0965f94260ac', 
'createdDate', 
'createddate', 
20, 
0, 
'', 
FALSE);
INSERT INTO `mendixsystem$attribute` (`id`, 
`entity_id`, 
`attribute_name`, 
`column_name`, 
`type`, 
`length`, 
`default_value`, 
`is_auto_number`)
 VALUES ('011ad54f-ebc6-498e-ab71-cdd586b2f96c', 
'8c84bd49-c7a1-45a9-85a5-0965f94260ac', 
'AttributeType', 
'attributetype', 
30, 
200, 
'', 
FALSE);
INSERT INTO `mendixsystem$attribute` (`id`, 
`entity_id`, 
`attribute_name`, 
`column_name`, 
`type`, 
`length`, 
`default_value`, 
`is_auto_number`)
 VALUES ('01171ab2-8007-46cd-adc2-02737bad51a7', 
'8c84bd49-c7a1-45a9-85a5-0965f94260ac', 
'FieldLength', 
'fieldlength', 
3, 
0, 
'', 
FALSE);
INSERT INTO `mendixsystem$attribute` (`id`, 
`entity_id`, 
`attribute_name`, 
`column_name`, 
`type`, 
`length`, 
`default_value`, 
`is_auto_number`)
 VALUES ('f91bd46f-93ae-4c60-ad0b-a2d038007b46', 
'8c84bd49-c7a1-45a9-85a5-0965f94260ac', 
'AttributeName', 
'attributename', 
30, 
200, 
'', 
FALSE);
INSERT INTO `mendixsystem$attribute` (`id`, 
`entity_id`, 
`attribute_name`, 
`column_name`, 
`type`, 
`length`, 
`default_value`, 
`is_auto_number`)
 VALUES ('a6f2a1e1-2ae9-4243-8653-2863598dcbd6', 
'8c84bd49-c7a1-45a9-85a5-0965f94260ac', 
'CompleteName', 
'completename', 
30, 
400, 
'', 
FALSE);
INSERT INTO `mendixsystem$attribute` (`id`, 
`entity_id`, 
`attribute_name`, 
`column_name`, 
`type`, 
`length`, 
`default_value`, 
`is_auto_number`)
 VALUES ('3c7684e4-d9fb-4f85-8f27-81b2edeaefa7', 
'8c84bd49-c7a1-45a9-85a5-0965f94260ac', 
'IsVirtual', 
'isvirtual', 
10, 
0, 
'false', 
FALSE);
INSERT INTO `mendixsystem$attribute` (`id`, 
`entity_id`, 
`attribute_name`, 
`column_name`, 
`type`, 
`length`, 
`default_value`, 
`is_auto_number`)
 VALUES ('c289524d-4c4b-4136-b9eb-42a110d17473', 
'8c84bd49-c7a1-45a9-85a5-0965f94260ac', 
'AttributeTypeEnum', 
'attributetypeenum', 
40, 
11, 
'', 
FALSE);
INSERT INTO `mendixsystem$attribute` (`id`, 
`entity_id`, 
`attribute_name`, 
`column_name`, 
`type`, 
`length`, 
`default_value`, 
`is_auto_number`)
 VALUES ('9e03dcf5-d580-3340-8820-572b94ed881a', 
'8c84bd49-c7a1-45a9-85a5-0965f94260ac', 
'submetaobjectname', 
'submetaobjectname', 
30, 
255, 
'MxModelReflection.MxObjectMember', 
FALSE);
INSERT INTO `mendixsystem$index` (`id`, 
`table_id`, 
`index_name`)
 VALUES ('b0370d94-c9c7-3533-bf18-e7dbada8575a', 
'8c84bd49-c7a1-45a9-85a5-0965f94260ac', 
'idx_mxmodelreflection$mxobjectmember_submetaobjectname');
INSERT INTO `mendixsystem$index_column` (`index_id`, 
`column_id`, 
`sort_order`, 
`ordinal`)
 VALUES ('b0370d94-c9c7-3533-bf18-e7dbada8575a', 
'9e03dcf5-d580-3340-8820-572b94ed881a', 
FALSE, 
0);
INSERT INTO `mendixsystem$index` (`id`, 
`table_id`, 
`index_name`)
 VALUES ('15b0a81b-dfc0-3bbc-aa99-2fe24afa60de', 
'8c84bd49-c7a1-45a9-85a5-0965f94260ac', 
'idx_mxmodelreflection$mxobjectmember_system$changedby');
INSERT INTO `mendixsystem$index_column` (`index_id`, 
`column_id`, 
`sort_order`, 
`ordinal`)
 VALUES ('15b0a81b-dfc0-3bbc-aa99-2fe24afa60de', 
'a8dacec5-3630-3077-959d-d112533005f6', 
FALSE, 
0);
INSERT INTO `mendixsystem$index` (`id`, 
`table_id`, 
`index_name`)
 VALUES ('7112433d-d0d1-333c-a004-d744d3267c65', 
'8c84bd49-c7a1-45a9-85a5-0965f94260ac', 
'idx_mxmodelreflection$mxobjectmember_system$owner');
INSERT INTO `mendixsystem$index_column` (`index_id`, 
`column_id`, 
`sort_order`, 
`ordinal`)
 VALUES ('7112433d-d0d1-333c-a004-d744d3267c65', 
'846ef880-7ab4-30ac-b966-5bcecfa51d4b', 
FALSE, 
0);
INSERT INTO `mendixsystem$association` (`id`, 
`association_name`, 
`table_name`, 
`parent_entity_id`, 
`child_entity_id`, 
`parent_column_name`, 
`child_column_name`)
 VALUES ('a8dacec5-3630-3077-959d-d112533005f6', 
'System.changedBy', 
'system$changedby', 
'8c84bd49-c7a1-45a9-85a5-0965f94260ac', 
'282e2e60-88a5-469d-84a5-ba8d9151644f', 
'id', 
'system$changedby');
INSERT INTO `mendixsystem$association` (`id`, 
`association_name`, 
`table_name`, 
`parent_entity_id`, 
`child_entity_id`, 
`parent_column_name`, 
`child_column_name`)
 VALUES ('846ef880-7ab4-30ac-b966-5bcecfa51d4b', 
'System.owner', 
'system$owner', 
'8c84bd49-c7a1-45a9-85a5-0965f94260ac', 
'282e2e60-88a5-469d-84a5-ba8d9151644f', 
'id', 
'system$owner');
CREATE TABLE `mxmodelreflection$mxobjectmember_type` (
	`mxmodelreflection$mxobjectmemberid` BIGINT NOT NULL,
	`mxmodelreflection$valuetypeid` BIGINT NOT NULL,
	PRIMARY KEY(`mxmodelreflection$mxobjectmemberid`,`mxmodelreflection$valuetypeid`),
	CONSTRAINT `uniq_mxmodelreflec$mxobjectmemb_type_mxmodelreflec$mxobjectmembe` UNIQUE (`mxmodelreflection$mxobjectmemberid`));
CREATE INDEX `idx_mxmodelreflection$mxobjectmember_type` ON `mxmodelreflection$mxobjectmember_type` (`mxmodelreflection$valuetypeid`,`mxmodelreflection$mxobjectmemberid`);
INSERT INTO `mendixsystem$association` (`id`, 
`association_name`, 
`table_name`, 
`parent_entity_id`, 
`child_entity_id`, 
`parent_column_name`, 
`child_column_name`, 
`index_name`)
 VALUES ('85695435-b28a-42d1-9478-abb42aa09c96', 
'MxModelReflection.MxObjectMember_Type', 
'mxmodelreflection$mxobjectmember_type', 
'8c84bd49-c7a1-45a9-85a5-0965f94260ac', 
'0429f7a8-8be9-4875-992c-9dc5278905a4', 
'mxmodelreflection$mxobjectmemberid', 
'mxmodelreflection$valuetypeid', 
'idx_mxmodelreflection$mxobjectmember_type');
INSERT INTO `mendixsystem$unique_constraint` (`name`, 
`table_id`, 
`column_id`)
 VALUES ('uniq_mxmodelreflec$mxobjectmemb_type_mxmodelreflec$mxobjectmembe', 
'85695435-b28a-42d1-9478-abb42aa09c96', 
'0631727e-910d-3039-ae80-da23679b9606');
CREATE TABLE `mxmodelreflection$mxobjectmember_mxobjecttype` (
	`mxmodelreflection$mxobjectmemberid` BIGINT NOT NULL,
	`mxmodelreflection$mxobjecttypeid` BIGINT NOT NULL,
	PRIMARY KEY(`mxmodelreflection$mxobjectmemberid`,`mxmodelreflection$mxobjecttypeid`),
	CONSTRAINT `uniq_mxmodelrefle$mxobjectmem_mxobjectt_mxmodelrefle$mxobjectmem` UNIQUE (`mxmodelreflection$mxobjectmemberid`));
CREATE INDEX `idx_mxmodelreflection$mxobjectmember_mxobjecttype` ON `mxmodelreflection$mxobjectmember_mxobjecttype` (`mxmodelreflection$mxobjecttypeid`,`mxmodelreflection$mxobjectmemberid`);
INSERT INTO `mendixsystem$association` (`id`, 
`association_name`, 
`table_name`, 
`parent_entity_id`, 
`child_entity_id`, 
`parent_column_name`, 
`child_column_name`, 
`index_name`)
 VALUES ('1784d5ae-37ae-492a-ab90-86e09fddc386', 
'MxModelReflection.MxObjectMember_MxObjectType', 
'mxmodelreflection$mxobjectmember_mxobjecttype', 
'8c84bd49-c7a1-45a9-85a5-0965f94260ac', 
'3a63aadf-1fcc-48d3-bc92-97409552c7a0', 
'mxmodelreflection$mxobjectmemberid', 
'mxmodelreflection$mxobjecttypeid', 
'idx_mxmodelreflection$mxobjectmember_mxobjecttype');
INSERT INTO `mendixsystem$unique_constraint` (`name`, 
`table_id`, 
`column_id`)
 VALUES ('uniq_mxmodelrefle$mxobjectmem_mxobjectt_mxmodelrefle$mxobjectmem', 
'1784d5ae-37ae-492a-ab90-86e09fddc386', 
'ec4ce4a4-2d9d-3bb4-9bc3-d8fb68f074fa');
CREATE TABLE `system$session` (
	`id` BIGINT NOT NULL,
	`readonlyhashkey` NVARCHAR(36) NULL,
	`createddate` DATETIME NULL,
	`csrftoken` NVARCHAR(36) NULL,
	`lastactive` DATETIME NULL,
	`sessionid` NVARCHAR(50) NULL,
	PRIMARY KEY(`id`));
CREATE INDEX `idx_system$session_sessionid` ON `system$session` (`sessionid`,`id`);
INSERT INTO `mendixsystem$entity` (`id`, 
`entity_name`, 
`table_name`)
 VALUES ('37f9fd49-5318-4c63-9a51-f761779b202f', 
'System.Session', 
'system$session');
INSERT INTO `mendixsystem$attribute` (`id`, 
`entity_id`, 
`attribute_name`, 
`column_name`, 
`type`, 
`length`, 
`default_value`, 
`is_auto_number`)
 VALUES ('f1949c9c-7b28-11e6-8b77-86f30ca893d3', 
'37f9fd49-5318-4c63-9a51-f761779b202f', 
'ReadOnlyHashKey', 
'readonlyhashkey', 
30, 
36, 
'', 
FALSE);
INSERT INTO `mendixsystem$attribute` (`id`, 
`entity_id`, 
`attribute_name`, 
`column_name`, 
`type`, 
`length`, 
`default_value`, 
`is_auto_number`)
 VALUES ('0c2b42ef-02bd-3783-bf55-02a92f4275c7', 
'37f9fd49-5318-4c63-9a51-f761779b202f', 
'createdDate', 
'createddate', 
20, 
0, 
'', 
FALSE);
INSERT INTO `mendixsystem$attribute` (`id`, 
`entity_id`, 
`attribute_name`, 
`column_name`, 
`type`, 
`length`, 
`default_value`, 
`is_auto_number`)
 VALUES ('f4d19200-071c-45e5-af25-321354f0702b', 
'37f9fd49-5318-4c63-9a51-f761779b202f', 
'CSRFToken', 
'csrftoken', 
30, 
36, 
'', 
FALSE);
INSERT INTO `mendixsystem$attribute` (`id`, 
`entity_id`, 
`attribute_name`, 
`column_name`, 
`type`, 
`length`, 
`default_value`, 
`is_auto_number`)
 VALUES ('1ffdcb00-e7a4-4303-8b40-2319d9ba01b7', 
'37f9fd49-5318-4c63-9a51-f761779b202f', 
'LastActive', 
'lastactive', 
20, 
0, 
'', 
FALSE);
INSERT INTO `mendixsystem$attribute` (`id`, 
`entity_id`, 
`attribute_name`, 
`column_name`, 
`type`, 
`length`, 
`default_value`, 
`is_auto_number`)
 VALUES ('d50c78a5-d740-4a76-a356-47659cfd515e', 
'37f9fd49-5318-4c63-9a51-f761779b202f', 
'SessionId', 
'sessionid', 
30, 
50, 
'', 
FALSE);
INSERT INTO `mendixsystem$index` (`id`, 
`table_id`, 
`index_name`)
 VALUES ('6127a5ae-0a96-4df5-9856-17baf94b2351', 
'37f9fd49-5318-4c63-9a51-f761779b202f', 
'idx_system$session_sessionid');
INSERT INTO `mendixsystem$index_column` (`index_id`, 
`column_id`, 
`sort_order`, 
`ordinal`)
 VALUES ('6127a5ae-0a96-4df5-9856-17baf94b2351', 
'd50c78a5-d740-4a76-a356-47659cfd515e', 
FALSE, 
0);
CREATE TABLE `system$session_user` (
	`system$sessionid` BIGINT NOT NULL,
	`system$userid` BIGINT NOT NULL,
	PRIMARY KEY(`system$sessionid`,`system$userid`),
	CONSTRAINT `uniq_system$session_user_system$sessionid` UNIQUE (`system$sessionid`));
CREATE INDEX `idx_system$session_user_system$user_system$session` ON `system$session_user` (`system$userid`,`system$sessionid`);
INSERT INTO `mendixsystem$association` (`id`, 
`association_name`, 
`table_name`, 
`parent_entity_id`, 
`child_entity_id`, 
`parent_column_name`, 
`child_column_name`, 
`index_name`)
 VALUES ('546aaff5-62e1-40ce-ab45-d40d0a0478f1', 
'System.Session_User', 
'system$session_user', 
'37f9fd49-5318-4c63-9a51-f761779b202f', 
'282e2e60-88a5-469d-84a5-ba8d9151644f', 
'system$sessionid', 
'system$userid', 
'idx_system$session_user_system$user_system$session');
INSERT INTO `mendixsystem$unique_constraint` (`name`, 
`table_id`, 
`column_id`)
 VALUES ('uniq_system$session_user_system$sessionid', 
'546aaff5-62e1-40ce-ab45-d40d0a0478f1', 
'142c3a11-004d-3f79-916b-d0347144970b');
CREATE TABLE `addresslookupapi$pcapredictretrieveaddress` (
	`id` BIGINT NOT NULL,
	`line4` NVARCHAR(200) NULL,
	`line5` NVARCHAR(200) NULL,
	`countryiso2` NVARCHAR(200) NULL,
	`company` NVARCHAR(200) NULL,
	`countryname` NVARCHAR(200) NULL,
	`buildingname` NVARCHAR(200) NULL,
	`countryiso3` NVARCHAR(200) NULL,
	`label` NVARCHAR(200) NULL,
	`subbuilding` NVARCHAR(200) NULL,
	`postalcode` NVARCHAR(200) NULL,
	`domesticid` NVARCHAR(200) NULL,
	`provincename` NVARCHAR(200) NULL,
	`department` NVARCHAR(200) NULL,
	`language` NVARCHAR(200) NULL,
	`sortingnumber1` NVARCHAR(200) NULL,
	`sortingnumber2` NVARCHAR(200) NULL,
	`neighbourhood` NVARCHAR(200) NULL,
	`street` NVARCHAR(200) NULL,
	`_id` NVARCHAR(200) NULL,
	`countryisonumber` NVARCHAR(200) NULL,
	`adminareaname` NVARCHAR(200) NULL,
	`poboxnumber` NVARCHAR(200) NULL,
	`city` NVARCHAR(200) NULL,
	`datalevel` NVARCHAR(200) NULL,
	`province` NVARCHAR(200) NULL,
	`languagealternatives` NVARCHAR(200) NULL,
	`barcode` NVARCHAR(200) NULL,
	`buildingnumber` NVARCHAR(200) NULL,
	`block` NVARCHAR(200) NULL,
	`adminareacode` NVARCHAR(200) NULL,
	`provincecode` NVARCHAR(200) NULL,
	`secondarystreet` NVARCHAR(200) NULL,
	`addresstype` NVARCHAR(200) NULL,
	`district` NVARCHAR(200) NULL,
	`line1` NVARCHAR(200) NULL,
	`key` NVARCHAR(200) NULL,
	`line2` NVARCHAR(200) NULL,
	`line3` NVARCHAR(200) NULL,
	PRIMARY KEY(`id`));
INSERT INTO `mendixsystem$entity` (`id`, 
`entity_name`, 
`table_name`)
 VALUES ('4ea72dfa-b4da-4b13-9aac-e9eb258eb146', 
'AddressLookupAPI.PCAPredictRetrieveAddress', 
'addresslookupapi$pcapredictretrieveaddress');
INSERT INTO `mendixsystem$attribute` (`id`, 
`entity_id`, 
`attribute_name`, 
`column_name`, 
`type`, 
`length`, 
`default_value`, 
`is_auto_number`)
 VALUES ('2a5bc53d-5180-4be2-9364-e88d42046e43', 
'4ea72dfa-b4da-4b13-9aac-e9eb258eb146', 
'Line4', 
'line4', 
30, 
200, 
'', 
FALSE);
INSERT INTO `mendixsystem$attribute` (`id`, 
`entity_id`, 
`attribute_name`, 
`column_name`, 
`type`, 
`length`, 
`default_value`, 
`is_auto_number`)
 VALUES ('246f55df-4f64-4bdf-a5d3-57bb9623d66d', 
'4ea72dfa-b4da-4b13-9aac-e9eb258eb146', 
'Line5', 
'line5', 
30, 
200, 
'', 
FALSE);
INSERT INTO `mendixsystem$attribute` (`id`, 
`entity_id`, 
`attribute_name`, 
`column_name`, 
`type`, 
`length`, 
`default_value`, 
`is_auto_number`)
 VALUES ('c8f072ef-4095-49b2-a075-c0ddf668e59a', 
'4ea72dfa-b4da-4b13-9aac-e9eb258eb146', 
'CountryIso2', 
'countryiso2', 
30, 
200, 
'', 
FALSE);
INSERT INTO `mendixsystem$attribute` (`id`, 
`entity_id`, 
`attribute_name`, 
`column_name`, 
`type`, 
`length`, 
`default_value`, 
`is_auto_number`)
 VALUES ('1349ebe4-e19d-4a09-a453-07e1bf778ab1', 
'4ea72dfa-b4da-4b13-9aac-e9eb258eb146', 
'Company', 
'company', 
30, 
200, 
'', 
FALSE);
INSERT INTO `mendixsystem$attribute` (`id`, 
`entity_id`, 
`attribute_name`, 
`column_name`, 
`type`, 
`length`, 
`default_value`, 
`is_auto_number`)
 VALUES ('9d535ba7-5039-4c8f-bc92-b3dfec0ab079', 
'4ea72dfa-b4da-4b13-9aac-e9eb258eb146', 
'CountryName', 
'countryname', 
30, 
200, 
'', 
FALSE);
INSERT INTO `mendixsystem$attribute` (`id`, 
`entity_id`, 
`attribute_name`, 
`column_name`, 
`type`, 
`length`, 
`default_value`, 
`is_auto_number`)
 VALUES ('428f233e-18e2-49c4-8357-fbe6ff2d1361', 
'4ea72dfa-b4da-4b13-9aac-e9eb258eb146', 
'BuildingName', 
'buildingname', 
30, 
200, 
'', 
FALSE);
INSERT INTO `mendixsystem$attribute` (`id`, 
`entity_id`, 
`attribute_name`, 
`column_name`, 
`type`, 
`length`, 
`default_value`, 
`is_auto_number`)
 VALUES ('d4ec369c-1346-4d5c-b12e-ad1b2f5ec3a6', 
'4ea72dfa-b4da-4b13-9aac-e9eb258eb146', 
'CountryIso3', 
'countryiso3', 
30, 
200, 
'', 
FALSE);
INSERT INTO `mendixsystem$attribute` (`id`, 
`entity_id`, 
`attribute_name`, 
`column_name`, 
`type`, 
`length`, 
`default_value`, 
`is_auto_number`)
 VALUES ('ef504902-c1a7-4297-9790-0835e8d91594', 
'4ea72dfa-b4da-4b13-9aac-e9eb258eb146', 
'Label', 
'label', 
30, 
200, 
'', 
FALSE);
INSERT INTO `mendixsystem$attribute` (`id`, 
`entity_id`, 
`attribute_name`, 
`column_name`, 
`type`, 
`length`, 
`default_value`, 
`is_auto_number`)
 VALUES ('b1cd87b8-7564-4d12-8ce2-f3163ca281b2', 
'4ea72dfa-b4da-4b13-9aac-e9eb258eb146', 
'SubBuilding', 
'subbuilding', 
30, 
200, 
'', 
FALSE);
INSERT INTO `mendixsystem$attribute` (`id`, 
`entity_id`, 
`attribute_name`, 
`column_name`, 
`type`, 
`length`, 
`default_value`, 
`is_auto_number`)
 VALUES ('e1c43d43-b145-4d05-86bb-c3d937485078', 
'4ea72dfa-b4da-4b13-9aac-e9eb258eb146', 
'PostalCode', 
'postalcode', 
30, 
200, 
'', 
FALSE);
INSERT INTO `mendixsystem$attribute` (`id`, 
`entity_id`, 
`attribute_name`, 
`column_name`, 
`type`, 
`length`, 
`default_value`, 
`is_auto_number`)
 VALUES ('7ba927c2-5e34-4966-992a-c7471ad35a0a', 
'4ea72dfa-b4da-4b13-9aac-e9eb258eb146', 
'DomesticId', 
'domesticid', 
30, 
200, 
'', 
FALSE);
INSERT INTO `mendixsystem$attribute` (`id`, 
`entity_id`, 
`attribute_name`, 
`column_name`, 
`type`, 
`length`, 
`default_value`, 
`is_auto_number`)
 VALUES ('c92b8a7d-4a7d-49b2-ab6b-2105d0a9faec', 
'4ea72dfa-b4da-4b13-9aac-e9eb258eb146', 
'ProvinceName', 
'provincename', 
30, 
200, 
'', 
FALSE);
INSERT INTO `mendixsystem$attribute` (`id`, 
`entity_id`, 
`attribute_name`, 
`column_name`, 
`type`, 
`length`, 
`default_value`, 
`is_auto_number`)
 VALUES ('cfcfa1a3-9b12-4a2b-a710-3a6c3832df45', 
'4ea72dfa-b4da-4b13-9aac-e9eb258eb146', 
'Department', 
'department', 
30, 
200, 
'', 
FALSE);
INSERT INTO `mendixsystem$attribute` (`id`, 
`entity_id`, 
`attribute_name`, 
`column_name`, 
`type`, 
`length`, 
`default_value`, 
`is_auto_number`)
 VALUES ('511c3894-6cb3-4c55-a954-328a988318fd', 
'4ea72dfa-b4da-4b13-9aac-e9eb258eb146', 
'Language', 
'language', 
30, 
200, 
'', 
FALSE);
INSERT INTO `mendixsystem$attribute` (`id`, 
`entity_id`, 
`attribute_name`, 
`column_name`, 
`type`, 
`length`, 
`default_value`, 
`is_auto_number`)
 VALUES ('3c86b70e-971c-4b0d-a341-91916de81d5a', 
'4ea72dfa-b4da-4b13-9aac-e9eb258eb146', 
'SortingNumber1', 
'sortingnumber1', 
30, 
200, 
'', 
FALSE);
INSERT INTO `mendixsystem$attribute` (`id`, 
`entity_id`, 
`attribute_name`, 
`column_name`, 
`type`, 
`length`, 
`default_value`, 
`is_auto_number`)
 VALUES ('57e545f3-dade-4f53-a88c-219706c44401', 
'4ea72dfa-b4da-4b13-9aac-e9eb258eb146', 
'SortingNumber2', 
'sortingnumber2', 
30, 
200, 
'', 
FALSE);
INSERT INTO `mendixsystem$attribute` (`id`, 
`entity_id`, 
`attribute_name`, 
`column_name`, 
`type`, 
`length`, 
`default_value`, 
`is_auto_number`)
 VALUES ('4952f95b-5464-4ffb-b2d7-4265d49ec8ed', 
'4ea72dfa-b4da-4b13-9aac-e9eb258eb146', 
'Neighbourhood', 
'neighbourhood', 
30, 
200, 
'', 
FALSE);
INSERT INTO `mendixsystem$attribute` (`id`, 
`entity_id`, 
`attribute_name`, 
`column_name`, 
`type`, 
`length`, 
`default_value`, 
`is_auto_number`)
 VALUES ('4d2d8296-4328-418d-b76e-2e9d33c8fd1e', 
'4ea72dfa-b4da-4b13-9aac-e9eb258eb146', 
'Street', 
'street', 
30, 
200, 
'', 
FALSE);
INSERT INTO `mendixsystem$attribute` (`id`, 
`entity_id`, 
`attribute_name`, 
`column_name`, 
`type`, 
`length`, 
`default_value`, 
`is_auto_number`)
 VALUES ('7459212d-4295-447c-b87d-599b3def9cbe', 
'4ea72dfa-b4da-4b13-9aac-e9eb258eb146', 
'_Id', 
'_id', 
30, 
200, 
'', 
FALSE);
INSERT INTO `mendixsystem$attribute` (`id`, 
`entity_id`, 
`attribute_name`, 
`column_name`, 
`type`, 
`length`, 
`default_value`, 
`is_auto_number`)
 VALUES ('b3bd0f3e-d7f1-4053-9fb4-b4479f1cd551', 
'4ea72dfa-b4da-4b13-9aac-e9eb258eb146', 
'CountryIsoNumber', 
'countryisonumber', 
30, 
200, 
'', 
FALSE);
INSERT INTO `mendixsystem$attribute` (`id`, 
`entity_id`, 
`attribute_name`, 
`column_name`, 
`type`, 
`length`, 
`default_value`, 
`is_auto_number`)
 VALUES ('727faf59-39ab-4dfb-9f02-6d4376152fe3', 
'4ea72dfa-b4da-4b13-9aac-e9eb258eb146', 
'AdminAreaName', 
'adminareaname', 
30, 
200, 
'', 
FALSE);
INSERT INTO `mendixsystem$attribute` (`id`, 
`entity_id`, 
`attribute_name`, 
`column_name`, 
`type`, 
`length`, 
`default_value`, 
`is_auto_number`)
 VALUES ('252c6f38-3fca-4361-bf55-8199689d0718', 
'4ea72dfa-b4da-4b13-9aac-e9eb258eb146', 
'POBoxNumber', 
'poboxnumber', 
30, 
200, 
'', 
FALSE);
INSERT INTO `mendixsystem$attribute` (`id`, 
`entity_id`, 
`attribute_name`, 
`column_name`, 
`type`, 
`length`, 
`default_value`, 
`is_auto_number`)
 VALUES ('8e4abd3f-0353-4e55-a0bc-df3c9141bf74', 
'4ea72dfa-b4da-4b13-9aac-e9eb258eb146', 
'City', 
'city', 
30, 
200, 
'', 
FALSE);
INSERT INTO `mendixsystem$attribute` (`id`, 
`entity_id`, 
`attribute_name`, 
`column_name`, 
`type`, 
`length`, 
`default_value`, 
`is_auto_number`)
 VALUES ('d79c384e-f965-485f-9006-de80652dd519', 
'4ea72dfa-b4da-4b13-9aac-e9eb258eb146', 
'DataLevel', 
'datalevel', 
30, 
200, 
'', 
FALSE);
INSERT INTO `mendixsystem$attribute` (`id`, 
`entity_id`, 
`attribute_name`, 
`column_name`, 
`type`, 
`length`, 
`default_value`, 
`is_auto_number`)
 VALUES ('66647def-ab34-4fa5-b7bc-c78408981cca', 
'4ea72dfa-b4da-4b13-9aac-e9eb258eb146', 
'Province', 
'province', 
30, 
200, 
'', 
FALSE);
INSERT INTO `mendixsystem$attribute` (`id`, 
`entity_id`, 
`attribute_name`, 
`column_name`, 
`type`, 
`length`, 
`default_value`, 
`is_auto_number`)
 VALUES ('3b120f10-c8db-46f5-94fa-a5d6bc793de8', 
'4ea72dfa-b4da-4b13-9aac-e9eb258eb146', 
'LanguageAlternatives', 
'languagealternatives', 
30, 
200, 
'', 
FALSE);
INSERT INTO `mendixsystem$attribute` (`id`, 
`entity_id`, 
`attribute_name`, 
`column_name`, 
`type`, 
`length`, 
`default_value`, 
`is_auto_number`)
 VALUES ('4cda9a44-b88a-4b35-8f9d-62ed7d8eece6', 
'4ea72dfa-b4da-4b13-9aac-e9eb258eb146', 
'Barcode', 
'barcode', 
30, 
200, 
'', 
FALSE);
INSERT INTO `mendixsystem$attribute` (`id`, 
`entity_id`, 
`attribute_name`, 
`column_name`, 
`type`, 
`length`, 
`default_value`, 
`is_auto_number`)
 VALUES ('befb39b7-dec8-4b96-b7c3-1634e2909f6e', 
'4ea72dfa-b4da-4b13-9aac-e9eb258eb146', 
'BuildingNumber', 
'buildingnumber', 
30, 
200, 
'', 
FALSE);
INSERT INTO `mendixsystem$attribute` (`id`, 
`entity_id`, 
`attribute_name`, 
`column_name`, 
`type`, 
`length`, 
`default_value`, 
`is_auto_number`)
 VALUES ('b36573f3-09cf-4e9d-9be4-dd98401c3070', 
'4ea72dfa-b4da-4b13-9aac-e9eb258eb146', 
'Block', 
'block', 
30, 
200, 
'', 
FALSE);
INSERT INTO `mendixsystem$attribute` (`id`, 
`entity_id`, 
`attribute_name`, 
`column_name`, 
`type`, 
`length`, 
`default_value`, 
`is_auto_number`)
 VALUES ('88beb318-1926-4ca0-adcd-692b8780ce2d', 
'4ea72dfa-b4da-4b13-9aac-e9eb258eb146', 
'AdminAreaCode', 
'adminareacode', 
30, 
200, 
'', 
FALSE);
INSERT INTO `mendixsystem$attribute` (`id`, 
`entity_id`, 
`attribute_name`, 
`column_name`, 
`type`, 
`length`, 
`default_value`, 
`is_auto_number`)
 VALUES ('63b86f1d-d554-4481-92f8-ac7000924ad6', 
'4ea72dfa-b4da-4b13-9aac-e9eb258eb146', 
'ProvinceCode', 
'provincecode', 
30, 
200, 
'', 
FALSE);
INSERT INTO `mendixsystem$attribute` (`id`, 
`entity_id`, 
`attribute_name`, 
`column_name`, 
`type`, 
`length`, 
`default_value`, 
`is_auto_number`)
 VALUES ('65c26dad-7643-4c4d-a8dd-e12b61633e78', 
'4ea72dfa-b4da-4b13-9aac-e9eb258eb146', 
'SecondaryStreet', 
'secondarystreet', 
30, 
200, 
'', 
FALSE);
INSERT INTO `mendixsystem$attribute` (`id`, 
`entity_id`, 
`attribute_name`, 
`column_name`, 
`type`, 
`length`, 
`default_value`, 
`is_auto_number`)
 VALUES ('a7fd69ab-51c2-4811-ae34-d00db703f233', 
'4ea72dfa-b4da-4b13-9aac-e9eb258eb146', 
'AddressType', 
'addresstype', 
30, 
200, 
'', 
FALSE);
INSERT INTO `mendixsystem$attribute` (`id`, 
`entity_id`, 
`attribute_name`, 
`column_name`, 
`type`, 
`length`, 
`default_value`, 
`is_auto_number`)
 VALUES ('d35d9cfa-7395-40cd-871e-7f6f5becf5c4', 
'4ea72dfa-b4da-4b13-9aac-e9eb258eb146', 
'District', 
'district', 
30, 
200, 
'', 
FALSE);
INSERT INTO `mendixsystem$attribute` (`id`, 
`entity_id`, 
`attribute_name`, 
`column_name`, 
`type`, 
`length`, 
`default_value`, 
`is_auto_number`)
 VALUES ('bc945c86-c1d8-49ea-8019-c06f183cb53c', 
'4ea72dfa-b4da-4b13-9aac-e9eb258eb146', 
'Line1', 
'line1', 
30, 
200, 
'', 
FALSE);
INSERT INTO `mendixsystem$attribute` (`id`, 
`entity_id`, 
`attribute_name`, 
`column_name`, 
`type`, 
`length`, 
`default_value`, 
`is_auto_number`)
 VALUES ('f38492b1-2437-4dbd-8c24-22145fd7f9fd', 
'4ea72dfa-b4da-4b13-9aac-e9eb258eb146', 
'Key', 
'key', 
30, 
200, 
'', 
FALSE);
INSERT INTO `mendixsystem$attribute` (`id`, 
`entity_id`, 
`attribute_name`, 
`column_name`, 
`type`, 
`length`, 
`default_value`, 
`is_auto_number`)
 VALUES ('c05d5cf2-79a4-46cf-a675-c07d34738ed1', 
'4ea72dfa-b4da-4b13-9aac-e9eb258eb146', 
'Line2', 
'line2', 
30, 
200, 
'', 
FALSE);
INSERT INTO `mendixsystem$attribute` (`id`, 
`entity_id`, 
`attribute_name`, 
`column_name`, 
`type`, 
`length`, 
`default_value`, 
`is_auto_number`)
 VALUES ('444667a3-ec75-4ec6-91a5-0ff6ba8687c8', 
'4ea72dfa-b4da-4b13-9aac-e9eb258eb146', 
'Line3', 
'line3', 
30, 
200, 
'', 
FALSE);
CREATE TABLE `addresslookupapi$pcapredictretrieveaddress_pcapredictresults` (
	`addresslookupapi$pcapredictretrieveaddressid` BIGINT NOT NULL,
	`addresslookupapi$pcapredictresultsid` BIGINT NOT NULL,
	PRIMARY KEY(`addresslookupapi$pcapredictretrieveaddressid`,`addresslookupapi$pcapredictresultsid`),
	CONSTRAINT `uniq_addressloo$pcapredictretr_pcapredict_addressloo$pcapredictr` UNIQUE (`addresslookupapi$pcapredictresultsid`),
	CONSTRAINT `uniq_addresslo$pcapredictret_pcapredict_addresslo$pcapredictretr` UNIQUE (`addresslookupapi$pcapredictretrieveaddressid`));
CREATE INDEX `idx_addresslookupapi$pcapredictretrieveaddress_pcapredictresults` ON `addresslookupapi$pcapredictretrieveaddress_pcapredictresults` (`addresslookupapi$pcapredictresultsid`,`addresslookupapi$pcapredictretrieveaddressid`);
INSERT INTO `mendixsystem$association` (`id`, 
`association_name`, 
`table_name`, 
`parent_entity_id`, 
`child_entity_id`, 
`parent_column_name`, 
`child_column_name`, 
`index_name`)
 VALUES ('84460e84-191c-41f0-9949-7042927a7713', 
'AddressLookupAPI.PCAPredictRetrieveAddress_PCAPredictResults', 
'addresslookupapi$pcapredictretrieveaddress_pcapredictresults', 
'4ea72dfa-b4da-4b13-9aac-e9eb258eb146', 
'bed2cd69-dbc9-40bf-be58-f8082e9ede03', 
'addresslookupapi$pcapredictretrieveaddressid', 
'addresslookupapi$pcapredictresultsid', 
'idx_addresslookupapi$pcapredictretrieveaddress_pcapredictresults');
INSERT INTO `mendixsystem$unique_constraint` (`name`, 
`table_id`, 
`column_id`)
 VALUES ('uniq_addressloo$pcapredictretr_pcapredict_addressloo$pcapredictr', 
'84460e84-191c-41f0-9949-7042927a7713', 
'03f4c594-5568-3879-b029-b0af9ff54fb7');
INSERT INTO `mendixsystem$unique_constraint` (`name`, 
`table_id`, 
`column_id`)
 VALUES ('uniq_addresslo$pcapredictret_pcapredict_addresslo$pcapredictretr', 
'84460e84-191c-41f0-9949-7042927a7713', 
'0828761e-7440-3fec-ac23-a7e4052767fa');
CREATE TABLE `system$autocommitentry` (
	`id` BIGINT NOT NULL,
	`createddate` DATETIME NULL,
	`objectid` BIGINT NULL,
	`sessionid` NVARCHAR(36) NULL,
	PRIMARY KEY(`id`));
CREATE INDEX `idx_system$autocommitentry_sessionid_objectid` ON `system$autocommitentry` (`sessionid`,`objectid`,`id`);
INSERT INTO `mendixsystem$entity` (`id`, 
`entity_name`, 
`table_name`)
 VALUES ('67c28960-7a7a-11e6-bdf4-0800200c9a66', 
'System.AutoCommitEntry', 
'system$autocommitentry');
INSERT INTO `mendixsystem$attribute` (`id`, 
`entity_id`, 
`attribute_name`, 
`column_name`, 
`type`, 
`length`, 
`default_value`, 
`is_auto_number`)
 VALUES ('bbe9c632-f0be-31a1-a709-ab0d57c79c84', 
'67c28960-7a7a-11e6-bdf4-0800200c9a66', 
'createdDate', 
'createddate', 
20, 
0, 
'', 
FALSE);
INSERT INTO `mendixsystem$attribute` (`id`, 
`entity_id`, 
`attribute_name`, 
`column_name`, 
`type`, 
`length`, 
`default_value`, 
`is_auto_number`)
 VALUES ('67c28962-7a7a-11e6-bdf4-0800200c9a66', 
'67c28960-7a7a-11e6-bdf4-0800200c9a66', 
'ObjectId', 
'objectid', 
4, 
0, 
'0', 
FALSE);
INSERT INTO `mendixsystem$attribute` (`id`, 
`entity_id`, 
`attribute_name`, 
`column_name`, 
`type`, 
`length`, 
`default_value`, 
`is_auto_number`)
 VALUES ('67c28961-7a7a-11e6-bdf4-0800200c9a66', 
'67c28960-7a7a-11e6-bdf4-0800200c9a66', 
'SessionId', 
'sessionid', 
30, 
36, 
'', 
FALSE);
INSERT INTO `mendixsystem$index` (`id`, 
`table_id`, 
`index_name`)
 VALUES ('67c28963-7a7a-11e6-bdf4-0800200c9a66', 
'67c28960-7a7a-11e6-bdf4-0800200c9a66', 
'idx_system$autocommitentry_sessionid_objectid');
INSERT INTO `mendixsystem$index_column` (`index_id`, 
`column_id`, 
`sort_order`, 
`ordinal`)
 VALUES ('67c28963-7a7a-11e6-bdf4-0800200c9a66', 
'67c28961-7a7a-11e6-bdf4-0800200c9a66', 
FALSE, 
0);
INSERT INTO `mendixsystem$index_column` (`index_id`, 
`column_id`, 
`sort_order`, 
`ordinal`)
 VALUES ('67c28963-7a7a-11e6-bdf4-0800200c9a66', 
'67c28962-7a7a-11e6-bdf4-0800200c9a66', 
FALSE, 
1);
CREATE TABLE `flatfileinterface$interfacedefinition` (
	`id` BIGINT NOT NULL,
	`textqualifierselection` NVARCHAR(15) NULL,
	`batchsize` INT NULL,
	`logtoconsole` BOOL NULL,
	`importdirectory` NVARCHAR(200) NULL,
	`delimiter` NVARCHAR(200) NULL,
	`startscheduletime` DATETIME NULL,
	`nextruntime` DATETIME NULL,
	`isactive` BOOL NULL,
	`intervaltype` NVARCHAR(6) NULL,
	`mappedentity` NVARCHAR(200) NULL,
	`triggereventsoncommit` BOOL NULL,
	`loglevel` NVARCHAR(5) NULL,
	`queuenumber` INT NULL,
	`filetype` NVARCHAR(11) NULL,
	`fileextension` NVARCHAR(200) NULL,
	`lastruntime` DATETIME NULL,
	`interfacename` NVARCHAR(200) NULL,
	`fileencoding` NVARCHAR(6) NULL,
	`skipfirstrow` BOOL NULL,
	`usequeue` BOOL NULL,
	`interval` INT NULL,
	PRIMARY KEY(`id`));
INSERT INTO `mendixsystem$entity` (`id`, 
`entity_name`, 
`table_name`)
 VALUES ('90e4de93-cab2-4129-ac86-828f072d9d66', 
'FlatFileInterface.InterfaceDefinition', 
'flatfileinterface$interfacedefinition');
INSERT INTO `mendixsystem$attribute` (`id`, 
`entity_id`, 
`attribute_name`, 
`column_name`, 
`type`, 
`length`, 
`default_value`, 
`is_auto_number`)
 VALUES ('1ed27ac8-8896-46e6-9ded-d1833d118cb5', 
'90e4de93-cab2-4129-ac86-828f072d9d66', 
'TextQualifierSelection', 
'textqualifierselection', 
40, 
15, 
'None', 
FALSE);
INSERT INTO `mendixsystem$attribute` (`id`, 
`entity_id`, 
`attribute_name`, 
`column_name`, 
`type`, 
`length`, 
`default_value`, 
`is_auto_number`)
 VALUES ('8b7c842c-d679-4a04-8b56-2bd350243680', 
'90e4de93-cab2-4129-ac86-828f072d9d66', 
'BatchSize', 
'batchsize', 
3, 
0, 
'1000', 
FALSE);
INSERT INTO `mendixsystem$attribute` (`id`, 
`entity_id`, 
`attribute_name`, 
`column_name`, 
`type`, 
`length`, 
`default_value`, 
`is_auto_number`)
 VALUES ('e0904831-77c0-4f4c-b8f0-2f8733891dc6', 
'90e4de93-cab2-4129-ac86-828f072d9d66', 
'LogToConsole', 
'logtoconsole', 
10, 
0, 
'false', 
FALSE);
INSERT INTO `mendixsystem$attribute` (`id`, 
`entity_id`, 
`attribute_name`, 
`column_name`, 
`type`, 
`length`, 
`default_value`, 
`is_auto_number`)
 VALUES ('7f93ae70-5cb2-4c2a-8685-a17316e74b91', 
'90e4de93-cab2-4129-ac86-828f072d9d66', 
'ImportDirectory', 
'importdirectory', 
30, 
200, 
'', 
FALSE);
INSERT INTO `mendixsystem$attribute` (`id`, 
`entity_id`, 
`attribute_name`, 
`column_name`, 
`type`, 
`length`, 
`default_value`, 
`is_auto_number`)
 VALUES ('f2056741-2c11-4e60-a654-3a2d20a96a62', 
'90e4de93-cab2-4129-ac86-828f072d9d66', 
'Delimiter', 
'delimiter', 
30, 
200, 
'', 
FALSE);
INSERT INTO `mendixsystem$attribute` (`id`, 
`entity_id`, 
`attribute_name`, 
`column_name`, 
`type`, 
`length`, 
`default_value`, 
`is_auto_number`)
 VALUES ('3fbbfe14-4b16-466f-a2fa-a69707402412', 
'90e4de93-cab2-4129-ac86-828f072d9d66', 
'StartScheduleTime', 
'startscheduletime', 
20, 
0, 
'', 
FALSE);
INSERT INTO `mendixsystem$attribute` (`id`, 
`entity_id`, 
`attribute_name`, 
`column_name`, 
`type`, 
`length`, 
`default_value`, 
`is_auto_number`)
 VALUES ('94053f87-c292-4897-9afc-a4ced5d30f59', 
'90e4de93-cab2-4129-ac86-828f072d9d66', 
'NextRunTime', 
'nextruntime', 
20, 
0, 
'', 
FALSE);
INSERT INTO `mendixsystem$attribute` (`id`, 
`entity_id`, 
`attribute_name`, 
`column_name`, 
`type`, 
`length`, 
`default_value`, 
`is_auto_number`)
 VALUES ('15a2b490-11a7-4248-abbb-3c7691461bd9', 
'90e4de93-cab2-4129-ac86-828f072d9d66', 
'IsActive', 
'isactive', 
10, 
0, 
'false', 
FALSE);
INSERT INTO `mendixsystem$attribute` (`id`, 
`entity_id`, 
`attribute_name`, 
`column_name`, 
`type`, 
`length`, 
`default_value`, 
`is_auto_number`)
 VALUES ('f70c3e86-8f02-4f82-a151-940cb965cead', 
'90e4de93-cab2-4129-ac86-828f072d9d66', 
'IntervalType', 
'intervaltype', 
40, 
6, 
'', 
FALSE);
INSERT INTO `mendixsystem$attribute` (`id`, 
`entity_id`, 
`attribute_name`, 
`column_name`, 
`type`, 
`length`, 
`default_value`, 
`is_auto_number`)
 VALUES ('ceb456b8-9571-4d6e-bbab-f8d6c06a9f44', 
'90e4de93-cab2-4129-ac86-828f072d9d66', 
'MappedEntity', 
'mappedentity', 
30, 
200, 
'', 
FALSE);
INSERT INTO `mendixsystem$attribute` (`id`, 
`entity_id`, 
`attribute_name`, 
`column_name`, 
`type`, 
`length`, 
`default_value`, 
`is_auto_number`)
 VALUES ('e03381ae-613f-49a0-8790-cf2dca538c39', 
'90e4de93-cab2-4129-ac86-828f072d9d66', 
'TriggerEventsOnCommit', 
'triggereventsoncommit', 
10, 
0, 
'false', 
FALSE);
INSERT INTO `mendixsystem$attribute` (`id`, 
`entity_id`, 
`attribute_name`, 
`column_name`, 
`type`, 
`length`, 
`default_value`, 
`is_auto_number`)
 VALUES ('9ca39ec9-5682-4ba3-beb6-93c10e709368', 
'90e4de93-cab2-4129-ac86-828f072d9d66', 
'LogLevel', 
'loglevel', 
40, 
5, 
'Error', 
FALSE);
INSERT INTO `mendixsystem$attribute` (`id`, 
`entity_id`, 
`attribute_name`, 
`column_name`, 
`type`, 
`length`, 
`default_value`, 
`is_auto_number`)
 VALUES ('34e49efd-14aa-4946-b892-6176509d1a20', 
'90e4de93-cab2-4129-ac86-828f072d9d66', 
'QueueNumber', 
'queuenumber', 
3, 
0, 
'0', 
FALSE);
INSERT INTO `mendixsystem$attribute` (`id`, 
`entity_id`, 
`attribute_name`, 
`column_name`, 
`type`, 
`length`, 
`default_value`, 
`is_auto_number`)
 VALUES ('f1b19469-01e2-41ae-b337-34713055dcec', 
'90e4de93-cab2-4129-ac86-828f072d9d66', 
'FileType', 
'filetype', 
40, 
11, 
'FixedLenght', 
FALSE);
INSERT INTO `mendixsystem$attribute` (`id`, 
`entity_id`, 
`attribute_name`, 
`column_name`, 
`type`, 
`length`, 
`default_value`, 
`is_auto_number`)
 VALUES ('ea9c77d1-4c35-44bb-9783-3d1bcc41ebbf', 
'90e4de93-cab2-4129-ac86-828f072d9d66', 
'FileExtension', 
'fileextension', 
30, 
200, 
'', 
FALSE);
INSERT INTO `mendixsystem$attribute` (`id`, 
`entity_id`, 
`attribute_name`, 
`column_name`, 
`type`, 
`length`, 
`default_value`, 
`is_auto_number`)
 VALUES ('d8557cd4-0870-4eb9-9328-b77f1177cc8d', 
'90e4de93-cab2-4129-ac86-828f072d9d66', 
'LastRunTime', 
'lastruntime', 
20, 
0, 
'', 
FALSE);
INSERT INTO `mendixsystem$attribute` (`id`, 
`entity_id`, 
`attribute_name`, 
`column_name`, 
`type`, 
`length`, 
`default_value`, 
`is_auto_number`)
 VALUES ('26acab55-9081-426c-a09f-3104a2808479', 
'90e4de93-cab2-4129-ac86-828f072d9d66', 
'InterfaceName', 
'interfacename', 
30, 
200, 
'', 
FALSE);
INSERT INTO `mendixsystem$attribute` (`id`, 
`entity_id`, 
`attribute_name`, 
`column_name`, 
`type`, 
`length`, 
`default_value`, 
`is_auto_number`)
 VALUES ('05073036-44df-43c4-84ba-9fd065fc5523', 
'90e4de93-cab2-4129-ac86-828f072d9d66', 
'FileEncoding', 
'fileencoding', 
40, 
6, 
'Cp1252', 
FALSE);
INSERT INTO `mendixsystem$attribute` (`id`, 
`entity_id`, 
`attribute_name`, 
`column_name`, 
`type`, 
`length`, 
`default_value`, 
`is_auto_number`)
 VALUES ('82fd9096-29aa-41ea-aea8-c2e90501c48d', 
'90e4de93-cab2-4129-ac86-828f072d9d66', 
'SkipFirstRow', 
'skipfirstrow', 
10, 
0, 
'false', 
FALSE);
INSERT INTO `mendixsystem$attribute` (`id`, 
`entity_id`, 
`attribute_name`, 
`column_name`, 
`type`, 
`length`, 
`default_value`, 
`is_auto_number`)
 VALUES ('cc508d2a-e0b3-49bc-843f-b9fdcffa630e', 
'90e4de93-cab2-4129-ac86-828f072d9d66', 
'UseQueue', 
'usequeue', 
10, 
0, 
'false', 
FALSE);
INSERT INTO `mendixsystem$attribute` (`id`, 
`entity_id`, 
`attribute_name`, 
`column_name`, 
`type`, 
`length`, 
`default_value`, 
`is_auto_number`)
 VALUES ('4ed5e1b6-b831-4711-b889-861c9fdbea01', 
'90e4de93-cab2-4129-ac86-828f072d9d66', 
'Interval', 
'interval', 
3, 
0, 
'1', 
FALSE);
CREATE TABLE `flatfileinterface$interfacedefinition_mxobjecttype` (
	`flatfileinterface$interfacedefinitionid` BIGINT NOT NULL,
	`mxmodelreflection$mxobjecttypeid` BIGINT NOT NULL,
	PRIMARY KEY(`flatfileinterface$interfacedefinitionid`,`mxmodelreflection$mxobjecttypeid`),
	CONSTRAINT `uniq_flatfileint$interfacedef_mxobject_flatfileint$interfacedefi` UNIQUE (`flatfileinterface$interfacedefinitionid`));
CREATE INDEX `idx_flatfileinterface$interfacedefinition_mxobjecttype` ON `flatfileinterface$interfacedefinition_mxobjecttype` (`mxmodelreflection$mxobjecttypeid`,`flatfileinterface$interfacedefinitionid`);
INSERT INTO `mendixsystem$association` (`id`, 
`association_name`, 
`table_name`, 
`parent_entity_id`, 
`child_entity_id`, 
`parent_column_name`, 
`child_column_name`, 
`index_name`)
 VALUES ('3638291e-6142-4da2-a2ca-91acb998fc80', 
'FlatFileInterface.InterfaceDefinition_MxObjectType', 
'flatfileinterface$interfacedefinition_mxobjecttype', 
'90e4de93-cab2-4129-ac86-828f072d9d66', 
'3a63aadf-1fcc-48d3-bc92-97409552c7a0', 
'flatfileinterface$interfacedefinitionid', 
'mxmodelreflection$mxobjecttypeid', 
'idx_flatfileinterface$interfacedefinition_mxobjecttype');
INSERT INTO `mendixsystem$unique_constraint` (`name`, 
`table_id`, 
`column_id`)
 VALUES ('uniq_flatfileint$interfacedef_mxobject_flatfileint$interfacedefi', 
'3638291e-6142-4da2-a2ca-91acb998fc80', 
'a0f83cdc-682b-30b6-910a-66d6ce113de1');
CREATE TABLE `flatfileinterface$interfacedefinition_columndefinition` (
	`flatfileinterface$interfacedefinitionid` BIGINT NOT NULL,
	`flatfileinterface$columndefinitionid` BIGINT NOT NULL,
	PRIMARY KEY(`flatfileinterface$interfacedefinitionid`,`flatfileinterface$columndefinitionid`));
CREATE INDEX `idx_flatfileinterface$interfacedefinition_columndefinition` ON `flatfileinterface$interfacedefinition_columndefinition` (`flatfileinterface$columndefinitionid`,`flatfileinterface$interfacedefinitionid`);
INSERT INTO `mendixsystem$association` (`id`, 
`association_name`, 
`table_name`, 
`parent_entity_id`, 
`child_entity_id`, 
`parent_column_name`, 
`child_column_name`, 
`index_name`)
 VALUES ('aa1f8d28-b2d1-4ebf-82c0-09f9598f8dcf', 
'FlatFileInterface.InterfaceDefinition_ColumnDefinition', 
'flatfileinterface$interfacedefinition_columndefinition', 
'90e4de93-cab2-4129-ac86-828f072d9d66', 
'12d70a69-0332-40ce-ac74-02590262a861', 
'flatfileinterface$interfacedefinitionid', 
'flatfileinterface$columndefinitionid', 
'idx_flatfileinterface$interfacedefinition_columndefinition');
CREATE TABLE `postalcodehousenumber$townvillage` (
	`id` BIGINT NOT NULL,
	`name` NVARCHAR(200) NULL,
	PRIMARY KEY(`id`));
INSERT INTO `mendixsystem$entity` (`id`, 
`entity_name`, 
`table_name`)
 VALUES ('59b29c26-2d52-428d-a7cd-5418411eca07', 
'PostalcodeHousenumber.townvillage', 
'postalcodehousenumber$townvillage');
INSERT INTO `mendixsystem$attribute` (`id`, 
`entity_id`, 
`attribute_name`, 
`column_name`, 
`type`, 
`length`, 
`default_value`, 
`is_auto_number`)
 VALUES ('c32ac072-cc43-43bf-8030-ded80c932b1a', 
'59b29c26-2d52-428d-a7cd-5418411eca07', 
'Name', 
'name', 
30, 
200, 
'', 
FALSE);
CREATE TABLE `postalcodehousenumber$townvillage_township` (
	`postalcodehousenumber$townvillageid` BIGINT NOT NULL,
	`postalcodehousenumber$townshipid` BIGINT NOT NULL,
	PRIMARY KEY(`postalcodehousenumber$townvillageid`,`postalcodehousenumber$townshipid`),
	CONSTRAINT `uniq_postalcodehouse$townvilla_townsh_postalcodehouse$townvillag` UNIQUE (`postalcodehousenumber$townvillageid`));
CREATE INDEX `idx_postalcodehousenumber$townvillage_township` ON `postalcodehousenumber$townvillage_township` (`postalcodehousenumber$townshipid`,`postalcodehousenumber$townvillageid`);
INSERT INTO `mendixsystem$association` (`id`, 
`association_name`, 
`table_name`, 
`parent_entity_id`, 
`child_entity_id`, 
`parent_column_name`, 
`child_column_name`, 
`index_name`)
 VALUES ('6dd70c8e-e3a7-4b34-bbfc-38918203e937', 
'PostalcodeHousenumber.Townvillage_Township', 
'postalcodehousenumber$townvillage_township', 
'59b29c26-2d52-428d-a7cd-5418411eca07', 
'cd20f1f2-e147-42f6-a22d-04d060225d8e', 
'postalcodehousenumber$townvillageid', 
'postalcodehousenumber$townshipid', 
'idx_postalcodehousenumber$townvillage_township');
INSERT INTO `mendixsystem$unique_constraint` (`name`, 
`table_id`, 
`column_id`)
 VALUES ('uniq_postalcodehouse$townvilla_townsh_postalcodehouse$townvillag', 
'6dd70c8e-e3a7-4b34-bbfc-38918203e937', 
'917d2cc0-a6d9-334e-9254-c18ea90a4a9d');
CREATE TABLE `addresslookupapi$address` (
	`id` BIGINT NOT NULL,
	`houseno` NVARCHAR(200) NULL,
	`addressline3` NVARCHAR(200) NULL,
	`addressline2` NVARCHAR(200) NULL,
	`addressline1` NVARCHAR(200) NULL,
	`addressline5` NVARCHAR(200) NULL,
	`addressline4` NVARCHAR(200) NULL,
	`country` NVARCHAR(200) NULL,
	`city` NVARCHAR(200) NULL,
	`county` NVARCHAR(200) NULL,
	`postcode` NVARCHAR(200) NULL,
	PRIMARY KEY(`id`));
INSERT INTO `mendixsystem$entity` (`id`, 
`entity_name`, 
`table_name`)
 VALUES ('55b2b6ae-9101-488e-a8b2-4204321f85c2', 
'AddressLookupAPI.Address', 
'addresslookupapi$address');
INSERT INTO `mendixsystem$attribute` (`id`, 
`entity_id`, 
`attribute_name`, 
`column_name`, 
`type`, 
`length`, 
`default_value`, 
`is_auto_number`)
 VALUES ('1b3224b5-25ba-4134-b7b9-4b85068ecb63', 
'55b2b6ae-9101-488e-a8b2-4204321f85c2', 
'HouseNo', 
'houseno', 
30, 
200, 
'', 
FALSE);
INSERT INTO `mendixsystem$attribute` (`id`, 
`entity_id`, 
`attribute_name`, 
`column_name`, 
`type`, 
`length`, 
`default_value`, 
`is_auto_number`)
 VALUES ('a3634dd2-a0ec-40b3-936b-589f49dc26b3', 
'55b2b6ae-9101-488e-a8b2-4204321f85c2', 
'AddressLine3', 
'addressline3', 
30, 
200, 
'', 
FALSE);
INSERT INTO `mendixsystem$attribute` (`id`, 
`entity_id`, 
`attribute_name`, 
`column_name`, 
`type`, 
`length`, 
`default_value`, 
`is_auto_number`)
 VALUES ('035195f5-35c8-476e-8da8-80f8bdf201f5', 
'55b2b6ae-9101-488e-a8b2-4204321f85c2', 
'AddressLine2', 
'addressline2', 
30, 
200, 
'', 
FALSE);
INSERT INTO `mendixsystem$attribute` (`id`, 
`entity_id`, 
`attribute_name`, 
`column_name`, 
`type`, 
`length`, 
`default_value`, 
`is_auto_number`)
 VALUES ('58ab4847-88ee-4dfc-bf79-cc9d98f50498', 
'55b2b6ae-9101-488e-a8b2-4204321f85c2', 
'AddressLine1', 
'addressline1', 
30, 
200, 
'', 
FALSE);
INSERT INTO `mendixsystem$attribute` (`id`, 
`entity_id`, 
`attribute_name`, 
`column_name`, 
`type`, 
`length`, 
`default_value`, 
`is_auto_number`)
 VALUES ('18d04dfa-94a8-47a7-a1ce-38c5d9c4adc3', 
'55b2b6ae-9101-488e-a8b2-4204321f85c2', 
'AddressLine5', 
'addressline5', 
30, 
200, 
'', 
FALSE);
INSERT INTO `mendixsystem$attribute` (`id`, 
`entity_id`, 
`attribute_name`, 
`column_name`, 
`type`, 
`length`, 
`default_value`, 
`is_auto_number`)
 VALUES ('9b6f65e0-ddf2-4b99-ae85-e38ca46c1992', 
'55b2b6ae-9101-488e-a8b2-4204321f85c2', 
'AddressLine4', 
'addressline4', 
30, 
200, 
'', 
FALSE);
INSERT INTO `mendixsystem$attribute` (`id`, 
`entity_id`, 
`attribute_name`, 
`column_name`, 
`type`, 
`length`, 
`default_value`, 
`is_auto_number`)
 VALUES ('9d751f23-1910-4eac-b177-16c121f29263', 
'55b2b6ae-9101-488e-a8b2-4204321f85c2', 
'Country', 
'country', 
30, 
200, 
'', 
FALSE);
INSERT INTO `mendixsystem$attribute` (`id`, 
`entity_id`, 
`attribute_name`, 
`column_name`, 
`type`, 
`length`, 
`default_value`, 
`is_auto_number`)
 VALUES ('5db54aed-25f3-41d7-b2e9-42738f3a33f5', 
'55b2b6ae-9101-488e-a8b2-4204321f85c2', 
'City', 
'city', 
30, 
200, 
'', 
FALSE);
INSERT INTO `mendixsystem$attribute` (`id`, 
`entity_id`, 
`attribute_name`, 
`column_name`, 
`type`, 
`length`, 
`default_value`, 
`is_auto_number`)
 VALUES ('a19bd004-8472-400a-960f-2c759247131c', 
'55b2b6ae-9101-488e-a8b2-4204321f85c2', 
'County', 
'county', 
30, 
200, 
'', 
FALSE);
INSERT INTO `mendixsystem$attribute` (`id`, 
`entity_id`, 
`attribute_name`, 
`column_name`, 
`type`, 
`length`, 
`default_value`, 
`is_auto_number`)
 VALUES ('172c59bb-ffaa-4b32-bbf7-7020e92eb347', 
'55b2b6ae-9101-488e-a8b2-4204321f85c2', 
'Postcode', 
'postcode', 
30, 
200, 
'', 
FALSE);
CREATE TABLE `addresslookupapi$address_pcapredictrequest` (
	`addresslookupapi$addressid` BIGINT NOT NULL,
	`addresslookupapi$pcapredictrequestid` BIGINT NOT NULL,
	PRIMARY KEY(`addresslookupapi$addressid`,`addresslookupapi$pcapredictrequestid`),
	CONSTRAINT `uniq_addresslooku$addres_pcapredictre_addresslooku$pcapredictreq` UNIQUE (`addresslookupapi$pcapredictrequestid`),
	CONSTRAINT `uniq_addresslookup$addres_pcapredictrequ_addresslookupa$addressi` UNIQUE (`addresslookupapi$addressid`));
CREATE INDEX `idx_addresslookupapi$address_pcapredictrequest` ON `addresslookupapi$address_pcapredictrequest` (`addresslookupapi$pcapredictrequestid`,`addresslookupapi$addressid`);
INSERT INTO `mendixsystem$association` (`id`, 
`association_name`, 
`table_name`, 
`parent_entity_id`, 
`child_entity_id`, 
`parent_column_name`, 
`child_column_name`, 
`index_name`)
 VALUES ('03452491-c24a-4fb0-89c0-171abb24942b', 
'AddressLookupAPI.Address_PCAPredictRequest', 
'addresslookupapi$address_pcapredictrequest', 
'55b2b6ae-9101-488e-a8b2-4204321f85c2', 
'61a50cba-5536-4453-aa64-74c299cad8a7', 
'addresslookupapi$addressid', 
'addresslookupapi$pcapredictrequestid', 
'idx_addresslookupapi$address_pcapredictrequest');
INSERT INTO `mendixsystem$unique_constraint` (`name`, 
`table_id`, 
`column_id`)
 VALUES ('uniq_addresslooku$addres_pcapredictre_addresslooku$pcapredictreq', 
'03452491-c24a-4fb0-89c0-171abb24942b', 
'ab91ff56-ff87-3887-837f-9196ff58654f');
INSERT INTO `mendixsystem$unique_constraint` (`name`, 
`table_id`, 
`column_id`)
 VALUES ('uniq_addresslookup$addres_pcapredictrequ_addresslookupa$addressi', 
'03452491-c24a-4fb0-89c0-171abb24942b', 
'131a0892-aef2-3344-be3c-ddcfc363019d');
CREATE TABLE `postalcodehousenumber$township` (
	`id` BIGINT NOT NULL,
	`areaphonenumber` INT NULL,
	`ruralarea` BOOL NULL,
	`website` NVARCHAR(200) NULL,
	`politiccolor` NVARCHAR(200) NULL,
	`zipcodefrom` INT NULL,
	`squaremeters` INT NULL,
	`zipcodeupto` INT NULL,
	`island` BOOL NULL,
	`name` NVARCHAR(200) NULL,
	`inhabitants` INT NULL,
	PRIMARY KEY(`id`));
INSERT INTO `mendixsystem$entity` (`id`, 
`entity_name`, 
`table_name`)
 VALUES ('cd20f1f2-e147-42f6-a22d-04d060225d8e', 
'PostalcodeHousenumber.township', 
'postalcodehousenumber$township');
INSERT INTO `mendixsystem$attribute` (`id`, 
`entity_id`, 
`attribute_name`, 
`column_name`, 
`type`, 
`length`, 
`default_value`, 
`is_auto_number`)
 VALUES ('808f4c71-8f07-4d9b-afef-e87b55c4677b', 
'cd20f1f2-e147-42f6-a22d-04d060225d8e', 
'Areaphonenumber', 
'areaphonenumber', 
3, 
0, 
'0', 
FALSE);
INSERT INTO `mendixsystem$attribute` (`id`, 
`entity_id`, 
`attribute_name`, 
`column_name`, 
`type`, 
`length`, 
`default_value`, 
`is_auto_number`)
 VALUES ('a836cdfb-d219-40ed-b911-61c430345b0d', 
'cd20f1f2-e147-42f6-a22d-04d060225d8e', 
'Ruralarea', 
'ruralarea', 
10, 
0, 
'false', 
FALSE);
INSERT INTO `mendixsystem$attribute` (`id`, 
`entity_id`, 
`attribute_name`, 
`column_name`, 
`type`, 
`length`, 
`default_value`, 
`is_auto_number`)
 VALUES ('a6dcb96a-cf85-4d01-9e54-acd5aa9300b5', 
'cd20f1f2-e147-42f6-a22d-04d060225d8e', 
'Website', 
'website', 
30, 
200, 
'', 
FALSE);
INSERT INTO `mendixsystem$attribute` (`id`, 
`entity_id`, 
`attribute_name`, 
`column_name`, 
`type`, 
`length`, 
`default_value`, 
`is_auto_number`)
 VALUES ('a5488b71-a777-4f51-838a-73060e6f0062', 
'cd20f1f2-e147-42f6-a22d-04d060225d8e', 
'Politiccolor', 
'politiccolor', 
30, 
200, 
'', 
FALSE);
INSERT INTO `mendixsystem$attribute` (`id`, 
`entity_id`, 
`attribute_name`, 
`column_name`, 
`type`, 
`length`, 
`default_value`, 
`is_auto_number`)
 VALUES ('fbfa5149-1a13-41d7-b5a9-bc4c532f270c', 
'cd20f1f2-e147-42f6-a22d-04d060225d8e', 
'Zipcodefrom', 
'zipcodefrom', 
3, 
0, 
'0', 
FALSE);
INSERT INTO `mendixsystem$attribute` (`id`, 
`entity_id`, 
`attribute_name`, 
`column_name`, 
`type`, 
`length`, 
`default_value`, 
`is_auto_number`)
 VALUES ('c61ad209-5070-4454-af03-a52ee91861a5', 
'cd20f1f2-e147-42f6-a22d-04d060225d8e', 
'Squaremeters', 
'squaremeters', 
3, 
0, 
'0', 
FALSE);
INSERT INTO `mendixsystem$attribute` (`id`, 
`entity_id`, 
`attribute_name`, 
`column_name`, 
`type`, 
`length`, 
`default_value`, 
`is_auto_number`)
 VALUES ('f22d4130-7da4-4abf-bbbe-bbf3a23bde1b', 
'cd20f1f2-e147-42f6-a22d-04d060225d8e', 
'Zipcodeupto', 
'zipcodeupto', 
3, 
0, 
'0', 
FALSE);
INSERT INTO `mendixsystem$attribute` (`id`, 
`entity_id`, 
`attribute_name`, 
`column_name`, 
`type`, 
`length`, 
`default_value`, 
`is_auto_number`)
 VALUES ('1dc8d0db-0333-482f-af99-7214530664aa', 
'cd20f1f2-e147-42f6-a22d-04d060225d8e', 
'Island', 
'island', 
10, 
0, 
'false', 
FALSE);
INSERT INTO `mendixsystem$attribute` (`id`, 
`entity_id`, 
`attribute_name`, 
`column_name`, 
`type`, 
`length`, 
`default_value`, 
`is_auto_number`)
 VALUES ('e112cacd-f2f6-4f40-9d71-32bddd78a4f3', 
'cd20f1f2-e147-42f6-a22d-04d060225d8e', 
'Name', 
'name', 
30, 
200, 
'', 
FALSE);
INSERT INTO `mendixsystem$attribute` (`id`, 
`entity_id`, 
`attribute_name`, 
`column_name`, 
`type`, 
`length`, 
`default_value`, 
`is_auto_number`)
 VALUES ('65eea63a-4c6c-41af-89fa-2df4e73bef4b', 
'cd20f1f2-e147-42f6-a22d-04d060225d8e', 
'Inhabitants', 
'inhabitants', 
3, 
0, 
'0', 
FALSE);
CREATE TABLE `postalcodehousenumber$township_province` (
	`postalcodehousenumber$townshipid` BIGINT NOT NULL,
	`postalcodehousenumber$provinceid` BIGINT NOT NULL,
	PRIMARY KEY(`postalcodehousenumber$townshipid`,`postalcodehousenumber$provinceid`),
	CONSTRAINT `uniq_postalcodehousen$townshi_provinc_postalcodehousen$townshipi` UNIQUE (`postalcodehousenumber$townshipid`));
CREATE INDEX `idx_postalcodehousenumber$township_province` ON `postalcodehousenumber$township_province` (`postalcodehousenumber$provinceid`,`postalcodehousenumber$townshipid`);
INSERT INTO `mendixsystem$association` (`id`, 
`association_name`, 
`table_name`, 
`parent_entity_id`, 
`child_entity_id`, 
`parent_column_name`, 
`child_column_name`, 
`index_name`)
 VALUES ('71370cd1-53f4-4fb0-b258-b76c78050d08', 
'PostalcodeHousenumber.Township_Province', 
'postalcodehousenumber$township_province', 
'cd20f1f2-e147-42f6-a22d-04d060225d8e', 
'a96c79e3-0466-4747-8433-86712c795b74', 
'postalcodehousenumber$townshipid', 
'postalcodehousenumber$provinceid', 
'idx_postalcodehousenumber$township_province');
INSERT INTO `mendixsystem$unique_constraint` (`name`, 
`table_id`, 
`column_id`)
 VALUES ('uniq_postalcodehousen$townshi_provinc_postalcodehousen$townshipi', 
'71370cd1-53f4-4fb0-b258-b76c78050d08', 
'c7f9deb7-497a-3b3e-b605-150697cb69a4');
CREATE TABLE `postalcodehousenumber$returnvalues` (
	`id` BIGINT NOT NULL,
	`street` NVARCHAR(200) NULL,
	`latitude` DECIMAL(28, 8) NULL,
	`city` NVARCHAR(200) NULL,
	`longitude` DECIMAL(28, 8) NULL,
	PRIMARY KEY(`id`));
INSERT INTO `mendixsystem$entity` (`id`, 
`entity_name`, 
`table_name`)
 VALUES ('adfe3819-d758-4f23-a7ae-b403a63a845f', 
'PostalcodeHousenumber.Returnvalues', 
'postalcodehousenumber$returnvalues');
INSERT INTO `mendixsystem$attribute` (`id`, 
`entity_id`, 
`attribute_name`, 
`column_name`, 
`type`, 
`length`, 
`default_value`, 
`is_auto_number`)
 VALUES ('d544bd63-2901-46d2-ad58-b70c81031a7f', 
'adfe3819-d758-4f23-a7ae-b403a63a845f', 
'Street', 
'street', 
30, 
200, 
'', 
FALSE);
INSERT INTO `mendixsystem$attribute` (`id`, 
`entity_id`, 
`attribute_name`, 
`column_name`, 
`type`, 
`length`, 
`default_value`, 
`is_auto_number`)
 VALUES ('c3e0d117-fcd5-4abf-85e7-177979c74427', 
'adfe3819-d758-4f23-a7ae-b403a63a845f', 
'Latitude', 
'latitude', 
5, 
0, 
'0', 
FALSE);
INSERT INTO `mendixsystem$attribute` (`id`, 
`entity_id`, 
`attribute_name`, 
`column_name`, 
`type`, 
`length`, 
`default_value`, 
`is_auto_number`)
 VALUES ('68a0345e-b7c3-4887-baa4-50c609c6d1b8', 
'adfe3819-d758-4f23-a7ae-b403a63a845f', 
'City', 
'city', 
30, 
200, 
'', 
FALSE);
INSERT INTO `mendixsystem$attribute` (`id`, 
`entity_id`, 
`attribute_name`, 
`column_name`, 
`type`, 
`length`, 
`default_value`, 
`is_auto_number`)
 VALUES ('b44cef23-f33b-44f6-967b-40b83246d754', 
'adfe3819-d758-4f23-a7ae-b403a63a845f', 
'Longitude', 
'longitude', 
5, 
0, 
'0', 
FALSE);
CREATE TABLE `postalcodehousenumber$passwordformat` (
	`id` BIGINT NOT NULL,
	`regex` NVARCHAR(200) NULL,
	`country` NVARCHAR(2) NULL,
	PRIMARY KEY(`id`));
INSERT INTO `mendixsystem$entity` (`id`, 
`entity_name`, 
`table_name`)
 VALUES ('a74eb59c-743e-4821-855b-b08cc7509622', 
'PostalcodeHousenumber.PasswordFormat', 
'postalcodehousenumber$passwordformat');
INSERT INTO `mendixsystem$attribute` (`id`, 
`entity_id`, 
`attribute_name`, 
`column_name`, 
`type`, 
`length`, 
`default_value`, 
`is_auto_number`)
 VALUES ('5ea779fd-740f-40fe-a816-400a933b6959', 
'a74eb59c-743e-4821-855b-b08cc7509622', 
'Regex', 
'regex', 
30, 
200, 
'', 
FALSE);
INSERT INTO `mendixsystem$attribute` (`id`, 
`entity_id`, 
`attribute_name`, 
`column_name`, 
`type`, 
`length`, 
`default_value`, 
`is_auto_number`)
 VALUES ('1deed00b-05f8-4c99-80ac-8268af8b43ea', 
'a74eb59c-743e-4821-855b-b08cc7509622', 
'Country', 
'country', 
30, 
2, 
'', 
FALSE);
CREATE TABLE `mxmodelreflection$parameter` (
	`id` BIGINT NOT NULL,
	`changeddate` DATETIME NULL,
	`createddate` DATETIME NULL,
	`name` NVARCHAR(200) NULL,
	`system$changedby` BIGINT NULL,
	`system$owner` BIGINT NULL,
	PRIMARY KEY(`id`));
CREATE INDEX `idx_mxmodelreflection$parameter_system$changedby` ON `mxmodelreflection$parameter` (`system$changedby`,`id`);
CREATE INDEX `idx_mxmodelreflection$parameter_system$owner` ON `mxmodelreflection$parameter` (`system$owner`,`id`);
INSERT INTO `mendixsystem$entity` (`id`, 
`entity_name`, 
`table_name`)
 VALUES ('5260d545-e994-49f1-8c1b-5ae3231b783e', 
'MxModelReflection.Parameter', 
'mxmodelreflection$parameter');
INSERT INTO `mendixsystem$attribute` (`id`, 
`entity_id`, 
`attribute_name`, 
`column_name`, 
`type`, 
`length`, 
`default_value`, 
`is_auto_number`)
 VALUES ('6a906405-3506-3e23-876b-b2e4903dca5d', 
'5260d545-e994-49f1-8c1b-5ae3231b783e', 
'changedDate', 
'changeddate', 
20, 
0, 
'', 
FALSE);
INSERT INTO `mendixsystem$attribute` (`id`, 
`entity_id`, 
`attribute_name`, 
`column_name`, 
`type`, 
`length`, 
`default_value`, 
`is_auto_number`)
 VALUES ('5c92f75f-d5cb-36dc-ba91-9a25c95e7ed7', 
'5260d545-e994-49f1-8c1b-5ae3231b783e', 
'createdDate', 
'createddate', 
20, 
0, 
'', 
FALSE);
INSERT INTO `mendixsystem$attribute` (`id`, 
`entity_id`, 
`attribute_name`, 
`column_name`, 
`type`, 
`length`, 
`default_value`, 
`is_auto_number`)
 VALUES ('074e912f-d56e-4c2e-9222-87af7243a482', 
'5260d545-e994-49f1-8c1b-5ae3231b783e', 
'Name', 
'name', 
30, 
200, 
'', 
FALSE);
INSERT INTO `mendixsystem$index` (`id`, 
`table_id`, 
`index_name`)
 VALUES ('963ca007-db90-3ed7-80a9-3034e81eefd0', 
'5260d545-e994-49f1-8c1b-5ae3231b783e', 
'idx_mxmodelreflection$parameter_system$changedby');
INSERT INTO `mendixsystem$index_column` (`index_id`, 
`column_id`, 
`sort_order`, 
`ordinal`)
 VALUES ('963ca007-db90-3ed7-80a9-3034e81eefd0', 
'9cd4c02f-6f22-3220-ba32-59cd86e715d1', 
FALSE, 
0);
INSERT INTO `mendixsystem$index` (`id`, 
`table_id`, 
`index_name`)
 VALUES ('601d3e3c-99e7-312a-99dc-621bd6765b87', 
'5260d545-e994-49f1-8c1b-5ae3231b783e', 
'idx_mxmodelreflection$parameter_system$owner');
INSERT INTO `mendixsystem$index_column` (`index_id`, 
`column_id`, 
`sort_order`, 
`ordinal`)
 VALUES ('601d3e3c-99e7-312a-99dc-621bd6765b87', 
'e6249086-ae0c-3dea-9006-91121bd7c6be', 
FALSE, 
0);
INSERT INTO `mendixsystem$association` (`id`, 
`association_name`, 
`table_name`, 
`parent_entity_id`, 
`child_entity_id`, 
`parent_column_name`, 
`child_column_name`)
 VALUES ('9cd4c02f-6f22-3220-ba32-59cd86e715d1', 
'System.changedBy', 
'system$changedby', 
'5260d545-e994-49f1-8c1b-5ae3231b783e', 
'282e2e60-88a5-469d-84a5-ba8d9151644f', 
'id', 
'system$changedby');
INSERT INTO `mendixsystem$association` (`id`, 
`association_name`, 
`table_name`, 
`parent_entity_id`, 
`child_entity_id`, 
`parent_column_name`, 
`child_column_name`)
 VALUES ('e6249086-ae0c-3dea-9006-91121bd7c6be', 
'System.owner', 
'system$owner', 
'5260d545-e994-49f1-8c1b-5ae3231b783e', 
'282e2e60-88a5-469d-84a5-ba8d9151644f', 
'id', 
'system$owner');
CREATE TABLE `mxmodelreflection$parameter_mxobjecttype` (
	`mxmodelreflection$parameterid` BIGINT NOT NULL,
	`mxmodelreflection$mxobjecttypeid` BIGINT NOT NULL,
	PRIMARY KEY(`mxmodelreflection$parameterid`,`mxmodelreflection$mxobjecttypeid`),
	CONSTRAINT `uniq_mxmodelreflect$paramete_mxobjectty_mxmodelreflect$parameter` UNIQUE (`mxmodelreflection$parameterid`));
CREATE INDEX `idx_mxmodelreflection$parameter_mxobjecttype` ON `mxmodelreflection$parameter_mxobjecttype` (`mxmodelreflection$mxobjecttypeid`,`mxmodelreflection$parameterid`);
INSERT INTO `mendixsystem$association` (`id`, 
`association_name`, 
`table_name`, 
`parent_entity_id`, 
`child_entity_id`, 
`parent_column_name`, 
`child_column_name`, 
`index_name`)
 VALUES ('6833d217-b63e-456f-afa5-739de4f0b635', 
'MxModelReflection.Parameter_MxObjectType', 
'mxmodelreflection$parameter_mxobjecttype', 
'5260d545-e994-49f1-8c1b-5ae3231b783e', 
'3a63aadf-1fcc-48d3-bc92-97409552c7a0', 
'mxmodelreflection$parameterid', 
'mxmodelreflection$mxobjecttypeid', 
'idx_mxmodelreflection$parameter_mxobjecttype');
INSERT INTO `mendixsystem$unique_constraint` (`name`, 
`table_id`, 
`column_id`)
 VALUES ('uniq_mxmodelreflect$paramete_mxobjectty_mxmodelreflect$parameter', 
'6833d217-b63e-456f-afa5-739de4f0b635', 
'4c18607a-92e2-3a9e-8a69-008a84c22c91');
CREATE TABLE `mxmodelreflection$parameter_valuetype` (
	`mxmodelreflection$parameterid` BIGINT NOT NULL,
	`mxmodelreflection$valuetypeid` BIGINT NOT NULL,
	PRIMARY KEY(`mxmodelreflection$parameterid`,`mxmodelreflection$valuetypeid`),
	CONSTRAINT `uniq_mxmodelreflect$paramete_valuetyp_mxmodelreflecti$parameteri` UNIQUE (`mxmodelreflection$parameterid`));
CREATE INDEX `idx_mxmodelreflection$parameter_valuetype` ON `mxmodelreflection$parameter_valuetype` (`mxmodelreflection$valuetypeid`,`mxmodelreflection$parameterid`);
INSERT INTO `mendixsystem$association` (`id`, 
`association_name`, 
`table_name`, 
`parent_entity_id`, 
`child_entity_id`, 
`parent_column_name`, 
`child_column_name`, 
`index_name`)
 VALUES ('2ce891bf-6e49-43c0-954c-9631245e72a8', 
'MxModelReflection.Parameter_ValueType', 
'mxmodelreflection$parameter_valuetype', 
'5260d545-e994-49f1-8c1b-5ae3231b783e', 
'0429f7a8-8be9-4875-992c-9dc5278905a4', 
'mxmodelreflection$parameterid', 
'mxmodelreflection$valuetypeid', 
'idx_mxmodelreflection$parameter_valuetype');
INSERT INTO `mendixsystem$unique_constraint` (`name`, 
`table_id`, 
`column_id`)
 VALUES ('uniq_mxmodelreflect$paramete_valuetyp_mxmodelreflecti$parameteri', 
'2ce891bf-6e49-43c0-954c-9631245e72a8', 
'4c16ab79-54c6-325b-82b7-86fa6b9f6996');
CREATE TABLE `flatfileinterface$log` (
	`id` BIGINT NOT NULL,
	`createddate` DATETIME NULL,
	`logdate` DATETIME NULL,
	PRIMARY KEY(`id`));
INSERT INTO `mendixsystem$entity` (`id`, 
`entity_name`, 
`table_name`)
 VALUES ('81b2aefd-664e-40a5-9eb9-c6eb8c5236a9', 
'FlatFileInterface.Log', 
'flatfileinterface$log');
INSERT INTO `mendixsystem$attribute` (`id`, 
`entity_id`, 
`attribute_name`, 
`column_name`, 
`type`, 
`length`, 
`default_value`, 
`is_auto_number`)
 VALUES ('51e167cb-feea-3b5f-9475-e8b1dace19a6', 
'81b2aefd-664e-40a5-9eb9-c6eb8c5236a9', 
'createdDate', 
'createddate', 
20, 
0, 
'', 
FALSE);
INSERT INTO `mendixsystem$attribute` (`id`, 
`entity_id`, 
`attribute_name`, 
`column_name`, 
`type`, 
`length`, 
`default_value`, 
`is_auto_number`)
 VALUES ('d5147999-9827-43d7-8ae3-6dfd41523b94', 
'81b2aefd-664e-40a5-9eb9-c6eb8c5236a9', 
'LogDate', 
'logdate', 
20, 
0, 
'', 
FALSE);
CREATE TABLE `flatfileinterface$log_interfacedefinition` (
	`flatfileinterface$logid` BIGINT NOT NULL,
	`flatfileinterface$interfacedefinitionid` BIGINT NOT NULL,
	PRIMARY KEY(`flatfileinterface$logid`,`flatfileinterface$interfacedefinitionid`),
	CONSTRAINT `uniq_flatfileinterfa$log_interfacedefiniti_flatfileinterfa$logid` UNIQUE (`flatfileinterface$logid`));
CREATE INDEX `idx_flatfileinterface$log_interfacedefinition` ON `flatfileinterface$log_interfacedefinition` (`flatfileinterface$interfacedefinitionid`,`flatfileinterface$logid`);
INSERT INTO `mendixsystem$association` (`id`, 
`association_name`, 
`table_name`, 
`parent_entity_id`, 
`child_entity_id`, 
`parent_column_name`, 
`child_column_name`, 
`index_name`)
 VALUES ('d3d1ae6d-ccea-40e8-9d4c-af164aeca60f', 
'FlatFileInterface.Log_InterfaceDefinition', 
'flatfileinterface$log_interfacedefinition', 
'81b2aefd-664e-40a5-9eb9-c6eb8c5236a9', 
'90e4de93-cab2-4129-ac86-828f072d9d66', 
'flatfileinterface$logid', 
'flatfileinterface$interfacedefinitionid', 
'idx_flatfileinterface$log_interfacedefinition');
INSERT INTO `mendixsystem$unique_constraint` (`name`, 
`table_id`, 
`column_id`)
 VALUES ('uniq_flatfileinterfa$log_interfacedefiniti_flatfileinterfa$logid', 
'd3d1ae6d-ccea-40e8-9d4c-af164aeca60f', 
'c2c7ccc9-aa32-31e0-80a8-2968d608c514');
CREATE TABLE `system$timezone` (
	`id` BIGINT NOT NULL,
	`description` NVARCHAR(100) NULL,
	`rawoffset` INT NULL,
	`code` NVARCHAR(50) NULL,
	PRIMARY KEY(`id`));
INSERT INTO `mendixsystem$entity` (`id`, 
`entity_name`, 
`table_name`)
 VALUES ('7f7c72af-1ab7-4bf9-bed6-16db5c8fcf6f', 
'System.TimeZone', 
'system$timezone');
INSERT INTO `mendixsystem$attribute` (`id`, 
`entity_id`, 
`attribute_name`, 
`column_name`, 
`type`, 
`length`, 
`default_value`, 
`is_auto_number`)
 VALUES ('954c43f0-3333-4264-813b-e8f1c8f2f0b6', 
'7f7c72af-1ab7-4bf9-bed6-16db5c8fcf6f', 
'Description', 
'description', 
30, 
100, 
'', 
FALSE);
INSERT INTO `mendixsystem$attribute` (`id`, 
`entity_id`, 
`attribute_name`, 
`column_name`, 
`type`, 
`length`, 
`default_value`, 
`is_auto_number`)
 VALUES ('1060f919-60c9-4f90-91ee-81b4bf584bcd', 
'7f7c72af-1ab7-4bf9-bed6-16db5c8fcf6f', 
'RawOffset', 
'rawoffset', 
3, 
0, 
'', 
FALSE);
INSERT INTO `mendixsystem$attribute` (`id`, 
`entity_id`, 
`attribute_name`, 
`column_name`, 
`type`, 
`length`, 
`default_value`, 
`is_auto_number`)
 VALUES ('6abafab4-6a96-46c0-9475-b72cc4d3ffd6', 
'7f7c72af-1ab7-4bf9-bed6-16db5c8fcf6f', 
'Code', 
'code', 
30, 
50, 
'', 
FALSE);
CREATE TABLE `mxmodelreflection$token` (
	`id` BIGINT NOT NULL,
	`status` NVARCHAR(7) NULL,
	`findreference` NVARCHAR(200) NULL,
	`findobjectstart` NVARCHAR(200) NULL,
	`displaypattern` NVARCHAR(50) NULL,
	`description` NVARCHAR(300) NULL,
	`metamodelpath` NVARCHAR(1000) NULL,
	`token` NVARCHAR(50) NULL,
	`prefix` NVARCHAR(3) NULL,
	`findobjectreference` NVARCHAR(200) NULL,
	`findmember` NVARCHAR(200) NULL,
	`changeddate` DATETIME NULL,
	`tokentype` NVARCHAR(9) NULL,
	`suffix` NVARCHAR(3) NULL,
	`findmemberreference` NVARCHAR(200) NULL,
	`createddate` DATETIME NULL,
	`isoptional` BOOL NULL,
	`combinedtoken` NVARCHAR(56) NULL,
	`system$changedby` BIGINT NULL,
	`system$owner` BIGINT NULL,
	PRIMARY KEY(`id`));
CREATE INDEX `idx_mxmodelreflection$token_combinedtoken` ON `mxmodelreflection$token` (`combinedtoken`,`id`);
CREATE INDEX `idx_mxmodelreflection$token_system$changedby` ON `mxmodelreflection$token` (`system$changedby`,`id`);
CREATE INDEX `idx_mxmodelreflection$token_system$owner` ON `mxmodelreflection$token` (`system$owner`,`id`);
INSERT INTO `mendixsystem$entity` (`id`, 
`entity_name`, 
`table_name`)
 VALUES ('ca6930c0-da53-40fe-82bf-011bc7b77d03', 
'MxModelReflection.Token', 
'mxmodelreflection$token');
INSERT INTO `mendixsystem$attribute` (`id`, 
`entity_id`, 
`attribute_name`, 
`column_name`, 
`type`, 
`length`, 
`default_value`, 
`is_auto_number`)
 VALUES ('30fc2f07-33c3-415e-837d-e29207a55578', 
'ca6930c0-da53-40fe-82bf-011bc7b77d03', 
'Status', 
'status', 
40, 
7, 
'Invalid', 
FALSE);
INSERT INTO `mendixsystem$attribute` (`id`, 
`entity_id`, 
`attribute_name`, 
`column_name`, 
`type`, 
`length`, 
`default_value`, 
`is_auto_number`)
 VALUES ('3073d099-1200-4f3d-9f0f-490dff914027', 
'ca6930c0-da53-40fe-82bf-011bc7b77d03', 
'FindReference', 
'findreference', 
30, 
200, 
'', 
FALSE);
INSERT INTO `mendixsystem$attribute` (`id`, 
`entity_id`, 
`attribute_name`, 
`column_name`, 
`type`, 
`length`, 
`default_value`, 
`is_auto_number`)
 VALUES ('7bdd8f39-957f-4ab3-bda2-13e47ba50b8b', 
'ca6930c0-da53-40fe-82bf-011bc7b77d03', 
'FindObjectStart', 
'findobjectstart', 
30, 
200, 
'', 
FALSE);
INSERT INTO `mendixsystem$attribute` (`id`, 
`entity_id`, 
`attribute_name`, 
`column_name`, 
`type`, 
`length`, 
`default_value`, 
`is_auto_number`)
 VALUES ('9c5c93b2-5ce6-4f9e-9d7d-2c65303d62b8', 
'ca6930c0-da53-40fe-82bf-011bc7b77d03', 
'DisplayPattern', 
'displaypattern', 
30, 
50, 
'', 
FALSE);
INSERT INTO `mendixsystem$attribute` (`id`, 
`entity_id`, 
`attribute_name`, 
`column_name`, 
`type`, 
`length`, 
`default_value`, 
`is_auto_number`)
 VALUES ('ff908b03-a95c-4460-b537-feebb5842e58', 
'ca6930c0-da53-40fe-82bf-011bc7b77d03', 
'Description', 
'description', 
30, 
300, 
'', 
FALSE);
INSERT INTO `mendixsystem$attribute` (`id`, 
`entity_id`, 
`attribute_name`, 
`column_name`, 
`type`, 
`length`, 
`default_value`, 
`is_auto_number`)
 VALUES ('da8e2573-10bc-46f4-b967-64f6e7a496d9', 
'ca6930c0-da53-40fe-82bf-011bc7b77d03', 
'MetaModelPath', 
'metamodelpath', 
30, 
1000, 
'', 
FALSE);
INSERT INTO `mendixsystem$attribute` (`id`, 
`entity_id`, 
`attribute_name`, 
`column_name`, 
`type`, 
`length`, 
`default_value`, 
`is_auto_number`)
 VALUES ('19d7f120-b483-4388-9342-32cc5579d032', 
'ca6930c0-da53-40fe-82bf-011bc7b77d03', 
'Token', 
'token', 
30, 
50, 
'', 
FALSE);
INSERT INTO `mendixsystem$attribute` (`id`, 
`entity_id`, 
`attribute_name`, 
`column_name`, 
`type`, 
`length`, 
`default_value`, 
`is_auto_number`)
 VALUES ('7c6b9bd5-826f-489e-b284-531b6fd60780', 
'ca6930c0-da53-40fe-82bf-011bc7b77d03', 
'Prefix', 
'prefix', 
30, 
3, 
'{%', 
FALSE);
INSERT INTO `mendixsystem$attribute` (`id`, 
`entity_id`, 
`attribute_name`, 
`column_name`, 
`type`, 
`length`, 
`default_value`, 
`is_auto_number`)
 VALUES ('255e19ec-1b90-420b-bc33-efc79ae1d1e3', 
'ca6930c0-da53-40fe-82bf-011bc7b77d03', 
'FindObjectReference', 
'findobjectreference', 
30, 
200, 
'', 
FALSE);
INSERT INTO `mendixsystem$attribute` (`id`, 
`entity_id`, 
`attribute_name`, 
`column_name`, 
`type`, 
`length`, 
`default_value`, 
`is_auto_number`)
 VALUES ('bfefccc5-cf6e-436d-b2dd-56a8a9905d79', 
'ca6930c0-da53-40fe-82bf-011bc7b77d03', 
'FindMember', 
'findmember', 
30, 
200, 
'', 
FALSE);
INSERT INTO `mendixsystem$attribute` (`id`, 
`entity_id`, 
`attribute_name`, 
`column_name`, 
`type`, 
`length`, 
`default_value`, 
`is_auto_number`)
 VALUES ('1b81f23b-744f-3680-bc9f-58c38742e85e', 
'ca6930c0-da53-40fe-82bf-011bc7b77d03', 
'changedDate', 
'changeddate', 
20, 
0, 
'', 
FALSE);
INSERT INTO `mendixsystem$attribute` (`id`, 
`entity_id`, 
`attribute_name`, 
`column_name`, 
`type`, 
`length`, 
`default_value`, 
`is_auto_number`)
 VALUES ('8cbdc705-64a9-4718-b6fa-c74f842d2409', 
'ca6930c0-da53-40fe-82bf-011bc7b77d03', 
'TokenType', 
'tokentype', 
40, 
9, 
'', 
FALSE);
INSERT INTO `mendixsystem$attribute` (`id`, 
`entity_id`, 
`attribute_name`, 
`column_name`, 
`type`, 
`length`, 
`default_value`, 
`is_auto_number`)
 VALUES ('9b50ba81-9547-40d2-9ad9-913d275ff34d', 
'ca6930c0-da53-40fe-82bf-011bc7b77d03', 
'Suffix', 
'suffix', 
30, 
3, 
'%}', 
FALSE);
INSERT INTO `mendixsystem$attribute` (`id`, 
`entity_id`, 
`attribute_name`, 
`column_name`, 
`type`, 
`length`, 
`default_value`, 
`is_auto_number`)
 VALUES ('69cc2a89-2edb-4ef0-82da-3c2159273e10', 
'ca6930c0-da53-40fe-82bf-011bc7b77d03', 
'FindMemberReference', 
'findmemberreference', 
30, 
200, 
'', 
FALSE);
INSERT INTO `mendixsystem$attribute` (`id`, 
`entity_id`, 
`attribute_name`, 
`column_name`, 
`type`, 
`length`, 
`default_value`, 
`is_auto_number`)
 VALUES ('53329512-2cb4-339a-99a9-633f37d92a11', 
'ca6930c0-da53-40fe-82bf-011bc7b77d03', 
'createdDate', 
'createddate', 
20, 
0, 
'', 
FALSE);
INSERT INTO `mendixsystem$attribute` (`id`, 
`entity_id`, 
`attribute_name`, 
`column_name`, 
`type`, 
`length`, 
`default_value`, 
`is_auto_number`)
 VALUES ('5fa1e335-e99d-4e3a-85bf-7eb25f69ea4f', 
'ca6930c0-da53-40fe-82bf-011bc7b77d03', 
'IsOptional', 
'isoptional', 
10, 
0, 
'false', 
FALSE);
INSERT INTO `mendixsystem$attribute` (`id`, 
`entity_id`, 
`attribute_name`, 
`column_name`, 
`type`, 
`length`, 
`default_value`, 
`is_auto_number`)
 VALUES ('35b2e74f-72c2-4e31-a3ae-cb1d15593d73', 
'ca6930c0-da53-40fe-82bf-011bc7b77d03', 
'CombinedToken', 
'combinedtoken', 
30, 
56, 
'', 
FALSE);
INSERT INTO `mendixsystem$index` (`id`, 
`table_id`, 
`index_name`)
 VALUES ('e6419e18-dfe8-44be-ad38-5f9deb2763cf', 
'ca6930c0-da53-40fe-82bf-011bc7b77d03', 
'idx_mxmodelreflection$token_combinedtoken');
INSERT INTO `mendixsystem$index_column` (`index_id`, 
`column_id`, 
`sort_order`, 
`ordinal`)
 VALUES ('e6419e18-dfe8-44be-ad38-5f9deb2763cf', 
'35b2e74f-72c2-4e31-a3ae-cb1d15593d73', 
FALSE, 
0);
INSERT INTO `mendixsystem$index` (`id`, 
`table_id`, 
`index_name`)
 VALUES ('db8850b3-9335-303f-ae3f-426769e4a133', 
'ca6930c0-da53-40fe-82bf-011bc7b77d03', 
'idx_mxmodelreflection$token_system$changedby');
INSERT INTO `mendixsystem$index_column` (`index_id`, 
`column_id`, 
`sort_order`, 
`ordinal`)
 VALUES ('db8850b3-9335-303f-ae3f-426769e4a133', 
'427d31c2-57e9-3413-9d04-721ee71ec2ea', 
FALSE, 
0);
INSERT INTO `mendixsystem$index` (`id`, 
`table_id`, 
`index_name`)
 VALUES ('6d445030-6888-3be8-94df-bc8184825640', 
'ca6930c0-da53-40fe-82bf-011bc7b77d03', 
'idx_mxmodelreflection$token_system$owner');
INSERT INTO `mendixsystem$index_column` (`index_id`, 
`column_id`, 
`sort_order`, 
`ordinal`)
 VALUES ('6d445030-6888-3be8-94df-bc8184825640', 
'234e4c5b-6eb0-3707-b064-649f03b92375', 
FALSE, 
0);
INSERT INTO `mendixsystem$association` (`id`, 
`association_name`, 
`table_name`, 
`parent_entity_id`, 
`child_entity_id`, 
`parent_column_name`, 
`child_column_name`)
 VALUES ('427d31c2-57e9-3413-9d04-721ee71ec2ea', 
'System.changedBy', 
'system$changedby', 
'ca6930c0-da53-40fe-82bf-011bc7b77d03', 
'282e2e60-88a5-469d-84a5-ba8d9151644f', 
'id', 
'system$changedby');
INSERT INTO `mendixsystem$association` (`id`, 
`association_name`, 
`table_name`, 
`parent_entity_id`, 
`child_entity_id`, 
`parent_column_name`, 
`child_column_name`)
 VALUES ('234e4c5b-6eb0-3707-b064-649f03b92375', 
'System.owner', 
'system$owner', 
'ca6930c0-da53-40fe-82bf-011bc7b77d03', 
'282e2e60-88a5-469d-84a5-ba8d9151644f', 
'id', 
'system$owner');
CREATE TABLE `mxmodelreflection$token_mxobjecttype_start` (
	`mxmodelreflection$tokenid` BIGINT NOT NULL,
	`mxmodelreflection$mxobjecttypeid` BIGINT NOT NULL,
	PRIMARY KEY(`mxmodelreflection$tokenid`,`mxmodelreflection$mxobjecttypeid`),
	CONSTRAINT `uniq_mxmodelreflect$token_mxobjectty_start_mxmodelreflect$tokeni` UNIQUE (`mxmodelreflection$tokenid`));
CREATE INDEX `idx_mxmodelreflection$token_mxobjecttype_start` ON `mxmodelreflection$token_mxobjecttype_start` (`mxmodelreflection$mxobjecttypeid`,`mxmodelreflection$tokenid`);
INSERT INTO `mendixsystem$association` (`id`, 
`association_name`, 
`table_name`, 
`parent_entity_id`, 
`child_entity_id`, 
`parent_column_name`, 
`child_column_name`, 
`index_name`)
 VALUES ('ed30457e-2473-44b3-bac5-f6e1bb530132', 
'MxModelReflection.Token_MxObjectType_Start', 
'mxmodelreflection$token_mxobjecttype_start', 
'ca6930c0-da53-40fe-82bf-011bc7b77d03', 
'3a63aadf-1fcc-48d3-bc92-97409552c7a0', 
'mxmodelreflection$tokenid', 
'mxmodelreflection$mxobjecttypeid', 
'idx_mxmodelreflection$token_mxobjecttype_start');
INSERT INTO `mendixsystem$unique_constraint` (`name`, 
`table_id`, 
`column_id`)
 VALUES ('uniq_mxmodelreflect$token_mxobjectty_start_mxmodelreflect$tokeni', 
'ed30457e-2473-44b3-bac5-f6e1bb530132', 
'3554e957-903d-32b8-9c52-ab245bd95d71');
CREATE TABLE `mxmodelreflection$token_mxobjectmember` (
	`mxmodelreflection$tokenid` BIGINT NOT NULL,
	`mxmodelreflection$mxobjectmemberid` BIGINT NOT NULL,
	PRIMARY KEY(`mxmodelreflection$tokenid`,`mxmodelreflection$mxobjectmemberid`),
	CONSTRAINT `uniq_mxmodelreflecti$token_mxobjectmembe_mxmodelreflecti$tokenid` UNIQUE (`mxmodelreflection$tokenid`));
CREATE INDEX `idx_mxmodelreflection$token_mxobjectmember` ON `mxmodelreflection$token_mxobjectmember` (`mxmodelreflection$mxobjectmemberid`,`mxmodelreflection$tokenid`);
INSERT INTO `mendixsystem$association` (`id`, 
`association_name`, 
`table_name`, 
`parent_entity_id`, 
`child_entity_id`, 
`parent_column_name`, 
`child_column_name`, 
`index_name`)
 VALUES ('1b9797c8-cdec-4a92-95a1-2de7491ae10a', 
'MxModelReflection.Token_MxObjectMember', 
'mxmodelreflection$token_mxobjectmember', 
'ca6930c0-da53-40fe-82bf-011bc7b77d03', 
'8c84bd49-c7a1-45a9-85a5-0965f94260ac', 
'mxmodelreflection$tokenid', 
'mxmodelreflection$mxobjectmemberid', 
'idx_mxmodelreflection$token_mxobjectmember');
INSERT INTO `mendixsystem$unique_constraint` (`name`, 
`table_id`, 
`column_id`)
 VALUES ('uniq_mxmodelreflecti$token_mxobjectmembe_mxmodelreflecti$tokenid', 
'1b9797c8-cdec-4a92-95a1-2de7491ae10a', 
'5d98d1c1-e353-3f61-90f0-1234857a71d2');
CREATE TABLE `mxmodelreflection$token_mxobjectreference` (
	`mxmodelreflection$tokenid` BIGINT NOT NULL,
	`mxmodelreflection$mxobjectreferenceid` BIGINT NOT NULL,
	PRIMARY KEY(`mxmodelreflection$tokenid`,`mxmodelreflection$mxobjectreferenceid`),
	CONSTRAINT `uniq_mxmodelreflect$token_mxobjectrefere_mxmodelreflecti$tokenid` UNIQUE (`mxmodelreflection$tokenid`));
CREATE INDEX `idx_mxmodelreflection$token_mxobjectreference` ON `mxmodelreflection$token_mxobjectreference` (`mxmodelreflection$mxobjectreferenceid`,`mxmodelreflection$tokenid`);
INSERT INTO `mendixsystem$association` (`id`, 
`association_name`, 
`table_name`, 
`parent_entity_id`, 
`child_entity_id`, 
`parent_column_name`, 
`child_column_name`, 
`index_name`)
 VALUES ('19ce903c-6ae0-43d1-a7f2-f83aa1de0a34', 
'MxModelReflection.Token_MxObjectReference', 
'mxmodelreflection$token_mxobjectreference', 
'ca6930c0-da53-40fe-82bf-011bc7b77d03', 
'af3795e1-6a06-46c1-b145-61c94ac140e6', 
'mxmodelreflection$tokenid', 
'mxmodelreflection$mxobjectreferenceid', 
'idx_mxmodelreflection$token_mxobjectreference');
INSERT INTO `mendixsystem$unique_constraint` (`name`, 
`table_id`, 
`column_id`)
 VALUES ('uniq_mxmodelreflect$token_mxobjectrefere_mxmodelreflecti$tokenid', 
'19ce903c-6ae0-43d1-a7f2-f83aa1de0a34', 
'2ddf3fe9-8d98-3997-b05a-ef65e4806fd4');
CREATE TABLE `mxmodelreflection$token_mxobjecttype_referenced` (
	`mxmodelreflection$tokenid` BIGINT NOT NULL,
	`mxmodelreflection$mxobjecttypeid` BIGINT NOT NULL,
	PRIMARY KEY(`mxmodelreflection$tokenid`,`mxmodelreflection$mxobjecttypeid`),
	CONSTRAINT `uniq_mxmodelreflec$toke_mxobjectty_referenc_mxmodelreflec$tokeni` UNIQUE (`mxmodelreflection$tokenid`));
CREATE INDEX `idx_mxmodelreflection$token_mxobjecttype_referenced` ON `mxmodelreflection$token_mxobjecttype_referenced` (`mxmodelreflection$mxobjecttypeid`,`mxmodelreflection$tokenid`);
INSERT INTO `mendixsystem$association` (`id`, 
`association_name`, 
`table_name`, 
`parent_entity_id`, 
`child_entity_id`, 
`parent_column_name`, 
`child_column_name`, 
`index_name`)
 VALUES ('050ee5ef-d2a8-4b3d-bd31-e60e09b28f4d', 
'MxModelReflection.Token_MxObjectType_Referenced', 
'mxmodelreflection$token_mxobjecttype_referenced', 
'ca6930c0-da53-40fe-82bf-011bc7b77d03', 
'3a63aadf-1fcc-48d3-bc92-97409552c7a0', 
'mxmodelreflection$tokenid', 
'mxmodelreflection$mxobjecttypeid', 
'idx_mxmodelreflection$token_mxobjecttype_referenced');
INSERT INTO `mendixsystem$unique_constraint` (`name`, 
`table_id`, 
`column_id`)
 VALUES ('uniq_mxmodelreflec$toke_mxobjectty_referenc_mxmodelreflec$tokeni', 
'050ee5ef-d2a8-4b3d-bd31-e60e09b28f4d', 
'a9e73dcb-2d7e-3ce6-943b-510ae093257f');
CREATE TABLE `system$userrole` (
	`id` BIGINT NOT NULL,
	`modelguid` NVARCHAR(36) NULL,
	`description` NVARCHAR(1000) NULL,
	`name` NVARCHAR(100) NULL,
	PRIMARY KEY(`id`));
CREATE INDEX `idx_system$userrole_name` ON `system$userrole` (`name`,`id`);
INSERT INTO `mendixsystem$entity` (`id`, 
`entity_name`, 
`table_name`)
 VALUES ('92ef30a6-de04-423c-84fd-a21e9b9eeae2', 
'System.UserRole', 
'system$userrole');
INSERT INTO `mendixsystem$attribute` (`id`, 
`entity_id`, 
`attribute_name`, 
`column_name`, 
`type`, 
`length`, 
`default_value`, 
`is_auto_number`)
 VALUES ('3cb7dc95-eac8-4999-8af4-492a4f2c0d73', 
'92ef30a6-de04-423c-84fd-a21e9b9eeae2', 
'ModelGUID', 
'modelguid', 
30, 
36, 
'', 
FALSE);
INSERT INTO `mendixsystem$attribute` (`id`, 
`entity_id`, 
`attribute_name`, 
`column_name`, 
`type`, 
`length`, 
`default_value`, 
`is_auto_number`)
 VALUES ('a33fbc53-ecf5-46c5-bad2-a364686e19dc', 
'92ef30a6-de04-423c-84fd-a21e9b9eeae2', 
'Description', 
'description', 
30, 
1000, 
'', 
FALSE);
INSERT INTO `mendixsystem$attribute` (`id`, 
`entity_id`, 
`attribute_name`, 
`column_name`, 
`type`, 
`length`, 
`default_value`, 
`is_auto_number`)
 VALUES ('3a3aca86-2f34-4038-a62f-7c0654ce21b7', 
'92ef30a6-de04-423c-84fd-a21e9b9eeae2', 
'Name', 
'name', 
30, 
100, 
'', 
FALSE);
INSERT INTO `mendixsystem$index` (`id`, 
`table_id`, 
`index_name`)
 VALUES ('a46808f5-f89a-41eb-81e2-217968eac118', 
'92ef30a6-de04-423c-84fd-a21e9b9eeae2', 
'idx_system$userrole_name');
INSERT INTO `mendixsystem$index_column` (`index_id`, 
`column_id`, 
`sort_order`, 
`ordinal`)
 VALUES ('a46808f5-f89a-41eb-81e2-217968eac118', 
'3a3aca86-2f34-4038-a62f-7c0654ce21b7', 
FALSE, 
0);
CREATE TABLE `system$grantableroles` (
	`system$userroleid1` BIGINT NOT NULL,
	`system$userroleid2` BIGINT NOT NULL,
	PRIMARY KEY(`system$userroleid1`,`system$userroleid2`));
CREATE INDEX `idx_system$grantableroles_system$userrole_system$userrole` ON `system$grantableroles` (`system$userroleid2`,`system$userroleid1`);
INSERT INTO `mendixsystem$association` (`id`, 
`association_name`, 
`table_name`, 
`parent_entity_id`, 
`child_entity_id`, 
`parent_column_name`, 
`child_column_name`, 
`index_name`)
 VALUES ('1adca745-c7a9-44ff-92bb-5d41cb2a1743', 
'System.grantableRoles', 
'system$grantableroles', 
'92ef30a6-de04-423c-84fd-a21e9b9eeae2', 
'92ef30a6-de04-423c-84fd-a21e9b9eeae2', 
'system$userroleid1', 
'system$userroleid2', 
'idx_system$grantableroles_system$userrole_system$userrole');
CREATE TABLE `flatfileinterface$procesfilequeue` (
	`id` BIGINT NOT NULL,
	`queuenumber` INT NULL,
	`error` BOOL NULL,
	`processed` BOOL NULL,
	PRIMARY KEY(`id`));
INSERT INTO `mendixsystem$entity` (`id`, 
`entity_name`, 
`table_name`, 
`superentity_id`)
 VALUES ('325701e5-4c7c-4eb8-a017-cc7270bfaf0b', 
'FlatFileInterface.ProcesFileQueue', 
'flatfileinterface$procesfilequeue', 
'170ce49d-f29c-4fac-99a6-b55e8a3aeb39');
INSERT INTO `mendixsystem$attribute` (`id`, 
`entity_id`, 
`attribute_name`, 
`column_name`, 
`type`, 
`length`, 
`default_value`, 
`is_auto_number`)
 VALUES ('e3383413-ee3f-427f-b787-5067cecf6917', 
'325701e5-4c7c-4eb8-a017-cc7270bfaf0b', 
'QueueNumber', 
'queuenumber', 
3, 
0, 
'0', 
FALSE);
INSERT INTO `mendixsystem$attribute` (`id`, 
`entity_id`, 
`attribute_name`, 
`column_name`, 
`type`, 
`length`, 
`default_value`, 
`is_auto_number`)
 VALUES ('136192ef-f91d-4d4a-8186-9e1ae23f63db', 
'325701e5-4c7c-4eb8-a017-cc7270bfaf0b', 
'Error', 
'error', 
10, 
0, 
'false', 
FALSE);
INSERT INTO `mendixsystem$attribute` (`id`, 
`entity_id`, 
`attribute_name`, 
`column_name`, 
`type`, 
`length`, 
`default_value`, 
`is_auto_number`)
 VALUES ('18ed8876-f7fc-4922-b0d1-78df07f559a5', 
'325701e5-4c7c-4eb8-a017-cc7270bfaf0b', 
'Processed', 
'processed', 
10, 
0, 
'false', 
FALSE);
CREATE TABLE `administration$account` (
	`id` BIGINT NOT NULL,
	`email` NVARCHAR(200) NULL,
	`fullname` NVARCHAR(200) NULL,
	`islocaluser` BOOL NULL,
	PRIMARY KEY(`id`));
INSERT INTO `mendixsystem$entity` (`id`, 
`entity_name`, 
`table_name`, 
`superentity_id`)
 VALUES ('3078a23e-13b2-4a9b-84e4-2881fdee53c6', 
'Administration.Account', 
'administration$account', 
'282e2e60-88a5-469d-84a5-ba8d9151644f');
INSERT INTO `mendixsystem$attribute` (`id`, 
`entity_id`, 
`attribute_name`, 
`column_name`, 
`type`, 
`length`, 
`default_value`, 
`is_auto_number`)
 VALUES ('542b537f-c419-4e32-a1d3-aee662c3ba80', 
'3078a23e-13b2-4a9b-84e4-2881fdee53c6', 
'Email', 
'email', 
30, 
200, 
'', 
FALSE);
INSERT INTO `mendixsystem$attribute` (`id`, 
`entity_id`, 
`attribute_name`, 
`column_name`, 
`type`, 
`length`, 
`default_value`, 
`is_auto_number`)
 VALUES ('42eb180e-36df-4325-8b97-dec1e16f0e99', 
'3078a23e-13b2-4a9b-84e4-2881fdee53c6', 
'FullName', 
'fullname', 
30, 
200, 
'', 
FALSE);
INSERT INTO `mendixsystem$attribute` (`id`, 
`entity_id`, 
`attribute_name`, 
`column_name`, 
`type`, 
`length`, 
`default_value`, 
`is_auto_number`)
 VALUES ('fbe83167-74ba-425b-a405-c99de7fd0a4b', 
'3078a23e-13b2-4a9b-84e4-2881fdee53c6', 
'IsLocalUser', 
'islocaluser', 
10, 
0, 
'true', 
FALSE);
CREATE TABLE `addresslookupapi$pcapredictresults` (
	`id` BIGINT NOT NULL,
	`highlight` NVARCHAR(200) NULL,
	`description` NVARCHAR(200) NULL,
	`next` NVARCHAR(200) NULL,
	`text` NVARCHAR(200) NULL,
	`_id` LONGTEXT CHARSET utf8 NULL,
	`cursor` INT NULL,
	PRIMARY KEY(`id`));
INSERT INTO `mendixsystem$entity` (`id`, 
`entity_name`, 
`table_name`)
 VALUES ('bed2cd69-dbc9-40bf-be58-f8082e9ede03', 
'AddressLookupAPI.PCAPredictResults', 
'addresslookupapi$pcapredictresults');
INSERT INTO `mendixsystem$attribute` (`id`, 
`entity_id`, 
`attribute_name`, 
`column_name`, 
`type`, 
`length`, 
`default_value`, 
`is_auto_number`)
 VALUES ('677b7ddb-c4ec-43e7-b654-fff0f7a004cf', 
'bed2cd69-dbc9-40bf-be58-f8082e9ede03', 
'Highlight', 
'highlight', 
30, 
200, 
'', 
FALSE);
INSERT INTO `mendixsystem$attribute` (`id`, 
`entity_id`, 
`attribute_name`, 
`column_name`, 
`type`, 
`length`, 
`default_value`, 
`is_auto_number`)
 VALUES ('0bbd9b45-7954-4a8f-bf34-a3fd6fa475d6', 
'bed2cd69-dbc9-40bf-be58-f8082e9ede03', 
'Description', 
'description', 
30, 
200, 
'', 
FALSE);
INSERT INTO `mendixsystem$attribute` (`id`, 
`entity_id`, 
`attribute_name`, 
`column_name`, 
`type`, 
`length`, 
`default_value`, 
`is_auto_number`)
 VALUES ('868a4223-f7ae-43f7-9f2c-887f9a66feec', 
'bed2cd69-dbc9-40bf-be58-f8082e9ede03', 
'Next', 
'next', 
30, 
200, 
'', 
FALSE);
INSERT INTO `mendixsystem$attribute` (`id`, 
`entity_id`, 
`attribute_name`, 
`column_name`, 
`type`, 
`length`, 
`default_value`, 
`is_auto_number`)
 VALUES ('ce7fb710-9b09-4412-a4f7-1cc9b2f7cd2d', 
'bed2cd69-dbc9-40bf-be58-f8082e9ede03', 
'Text', 
'text', 
30, 
200, 
'', 
FALSE);
INSERT INTO `mendixsystem$attribute` (`id`, 
`entity_id`, 
`attribute_name`, 
`column_name`, 
`type`, 
`length`, 
`default_value`, 
`is_auto_number`)
 VALUES ('a2a99a83-e06a-4bcd-af38-6bb116bfa994', 
'bed2cd69-dbc9-40bf-be58-f8082e9ede03', 
'_Id', 
'_id', 
30, 
0, 
'', 
FALSE);
INSERT INTO `mendixsystem$attribute` (`id`, 
`entity_id`, 
`attribute_name`, 
`column_name`, 
`type`, 
`length`, 
`default_value`, 
`is_auto_number`)
 VALUES ('2cb5108e-7e89-42e1-a5b6-c7c725a1fc3a', 
'bed2cd69-dbc9-40bf-be58-f8082e9ede03', 
'Cursor', 
'cursor', 
3, 
0, 
'0', 
FALSE);
CREATE TABLE `addresslookupapi$multiresult` (
	`addresslookupapi$pcapredictresultsid` BIGINT NOT NULL,
	`addresslookupapi$pcapredictrequestid` BIGINT NOT NULL,
	PRIMARY KEY(`addresslookupapi$pcapredictresultsid`,`addresslookupapi$pcapredictrequestid`));
CREATE INDEX `idx_addresslookupapi$multiresult` ON `addresslookupapi$multiresult` (`addresslookupapi$pcapredictrequestid`,`addresslookupapi$pcapredictresultsid`);
INSERT INTO `mendixsystem$association` (`id`, 
`association_name`, 
`table_name`, 
`parent_entity_id`, 
`child_entity_id`, 
`parent_column_name`, 
`child_column_name`, 
`index_name`)
 VALUES ('6afef14c-930b-49d5-8cb9-d2a2e1049725', 
'AddressLookupAPI.MultiResult', 
'addresslookupapi$multiresult', 
'bed2cd69-dbc9-40bf-be58-f8082e9ede03', 
'61a50cba-5536-4453-aa64-74c299cad8a7', 
'addresslookupapi$pcapredictresultsid', 
'addresslookupapi$pcapredictrequestid', 
'idx_addresslookupapi$multiresult');
CREATE TABLE `mxmodelreflection$mxobjectenumcaptions` (
	`id` BIGINT NOT NULL,
	`languagecode` NVARCHAR(8) NULL,
	`changeddate` DATETIME NULL,
	`createddate` DATETIME NULL,
	`languagename` NVARCHAR(200) NULL,
	`caption` NVARCHAR(200) NULL,
	`system$owner` BIGINT NULL,
	`system$changedby` BIGINT NULL,
	PRIMARY KEY(`id`));
CREATE INDEX `idx_mxmodelreflection$mxobjectenumcaptions_system$owner` ON `mxmodelreflection$mxobjectenumcaptions` (`system$owner`,`id`);
CREATE INDEX `idx_mxmodelreflection$mxobjectenumcaptions_system$changedby` ON `mxmodelreflection$mxobjectenumcaptions` (`system$changedby`,`id`);
INSERT INTO `mendixsystem$entity` (`id`, 
`entity_name`, 
`table_name`)
 VALUES ('f377b792-b9a1-407f-9d4a-d0fd188f64c2', 
'MxModelReflection.MxObjectEnumCaptions', 
'mxmodelreflection$mxobjectenumcaptions');
INSERT INTO `mendixsystem$attribute` (`id`, 
`entity_id`, 
`attribute_name`, 
`column_name`, 
`type`, 
`length`, 
`default_value`, 
`is_auto_number`)
 VALUES ('aa154b03-47e0-4c63-9e65-c6d51f6e2a90', 
'f377b792-b9a1-407f-9d4a-d0fd188f64c2', 
'LanguageCode', 
'languagecode', 
30, 
8, 
'', 
FALSE);
INSERT INTO `mendixsystem$attribute` (`id`, 
`entity_id`, 
`attribute_name`, 
`column_name`, 
`type`, 
`length`, 
`default_value`, 
`is_auto_number`)
 VALUES ('ba92ece3-0cbd-3399-8717-032a30afc2b6', 
'f377b792-b9a1-407f-9d4a-d0fd188f64c2', 
'changedDate', 
'changeddate', 
20, 
0, 
'', 
FALSE);
INSERT INTO `mendixsystem$attribute` (`id`, 
`entity_id`, 
`attribute_name`, 
`column_name`, 
`type`, 
`length`, 
`default_value`, 
`is_auto_number`)
 VALUES ('94bb4f10-1cd1-39ee-94c5-baef3eba5eec', 
'f377b792-b9a1-407f-9d4a-d0fd188f64c2', 
'createdDate', 
'createddate', 
20, 
0, 
'', 
FALSE);
INSERT INTO `mendixsystem$attribute` (`id`, 
`entity_id`, 
`attribute_name`, 
`column_name`, 
`type`, 
`length`, 
`default_value`, 
`is_auto_number`)
 VALUES ('4cd05e06-cefb-4607-81b0-3880b450b89a', 
'f377b792-b9a1-407f-9d4a-d0fd188f64c2', 
'LanguageName', 
'languagename', 
30, 
200, 
'', 
FALSE);
INSERT INTO `mendixsystem$attribute` (`id`, 
`entity_id`, 
`attribute_name`, 
`column_name`, 
`type`, 
`length`, 
`default_value`, 
`is_auto_number`)
 VALUES ('0c9c2d6b-c340-4f55-9de8-85ea13066a5a', 
'f377b792-b9a1-407f-9d4a-d0fd188f64c2', 
'Caption', 
'caption', 
30, 
200, 
'', 
FALSE);
INSERT INTO `mendixsystem$index` (`id`, 
`table_id`, 
`index_name`)
 VALUES ('ad1ffa6f-d50a-3689-a953-1cbf49d87010', 
'f377b792-b9a1-407f-9d4a-d0fd188f64c2', 
'idx_mxmodelreflection$mxobjectenumcaptions_system$owner');
INSERT INTO `mendixsystem$index_column` (`index_id`, 
`column_id`, 
`sort_order`, 
`ordinal`)
 VALUES ('ad1ffa6f-d50a-3689-a953-1cbf49d87010', 
'c7efa1db-b8c5-3626-955f-3c796ca329e6', 
FALSE, 
0);
INSERT INTO `mendixsystem$index` (`id`, 
`table_id`, 
`index_name`)
 VALUES ('3b5fbf43-8c33-3e6e-9b37-119845e42a61', 
'f377b792-b9a1-407f-9d4a-d0fd188f64c2', 
'idx_mxmodelreflection$mxobjectenumcaptions_system$changedby');
INSERT INTO `mendixsystem$index_column` (`index_id`, 
`column_id`, 
`sort_order`, 
`ordinal`)
 VALUES ('3b5fbf43-8c33-3e6e-9b37-119845e42a61', 
'ca6f0194-57e4-3e66-873b-0313a6f3a1ff', 
FALSE, 
0);
INSERT INTO `mendixsystem$association` (`id`, 
`association_name`, 
`table_name`, 
`parent_entity_id`, 
`child_entity_id`, 
`parent_column_name`, 
`child_column_name`)
 VALUES ('c7efa1db-b8c5-3626-955f-3c796ca329e6', 
'System.owner', 
'system$owner', 
'f377b792-b9a1-407f-9d4a-d0fd188f64c2', 
'282e2e60-88a5-469d-84a5-ba8d9151644f', 
'id', 
'system$owner');
INSERT INTO `mendixsystem$association` (`id`, 
`association_name`, 
`table_name`, 
`parent_entity_id`, 
`child_entity_id`, 
`parent_column_name`, 
`child_column_name`)
 VALUES ('ca6f0194-57e4-3e66-873b-0313a6f3a1ff', 
'System.changedBy', 
'system$changedby', 
'f377b792-b9a1-407f-9d4a-d0fd188f64c2', 
'282e2e60-88a5-469d-84a5-ba8d9151644f', 
'id', 
'system$changedby');
CREATE TABLE `myfirstmodule$employee` (
	`id` BIGINT NOT NULL,
	`birthday` DATETIME NULL,
	`address` LONGTEXT CHARSET utf8 NULL,
	`bio` LONGTEXT CHARSET utf8 NULL,
	`latitude` DECIMAL(28, 8) NULL,
	`city` NVARCHAR(200) NULL,
	`housenumberextension` NVARCHAR(200) NULL,
	`longitude` DECIMAL(28, 8) NULL,
	`name` LONGTEXT CHARSET utf8 NULL,
	`housenumber` INT NULL,
	`phone` LONGTEXT CHARSET utf8 NULL,
	`zipcode` NVARCHAR(200) NULL,
	`street` NVARCHAR(200) NULL,
	`level` NVARCHAR(6) NULL,
	`countrycode` NVARCHAR(2) NULL,
	`email` LONGTEXT CHARSET utf8 NULL,
	PRIMARY KEY(`id`));
INSERT INTO `mendixsystem$entity` (`id`, 
`entity_name`, 
`table_name`)
 VALUES ('40e075e0-7da7-43aa-a995-ff199f4c376f', 
'MyFirstModule.Employee', 
'myfirstmodule$employee');
INSERT INTO `mendixsystem$attribute` (`id`, 
`entity_id`, 
`attribute_name`, 
`column_name`, 
`type`, 
`length`, 
`default_value`, 
`is_auto_number`)
 VALUES ('ad2e057e-8392-4230-a86e-4b2c0b347fa9', 
'40e075e0-7da7-43aa-a995-ff199f4c376f', 
'birthday', 
'birthday', 
20, 
0, 
'', 
FALSE);
INSERT INTO `mendixsystem$attribute` (`id`, 
`entity_id`, 
`attribute_name`, 
`column_name`, 
`type`, 
`length`, 
`default_value`, 
`is_auto_number`)
 VALUES ('f24b9728-e718-42f8-a090-1f9f1d845fb1', 
'40e075e0-7da7-43aa-a995-ff199f4c376f', 
'address', 
'address', 
30, 
0, 
'', 
FALSE);
INSERT INTO `mendixsystem$attribute` (`id`, 
`entity_id`, 
`attribute_name`, 
`column_name`, 
`type`, 
`length`, 
`default_value`, 
`is_auto_number`)
 VALUES ('145d9dad-3d73-4e2a-9d6a-18507116ca91', 
'40e075e0-7da7-43aa-a995-ff199f4c376f', 
'bio', 
'bio', 
30, 
0, 
'', 
FALSE);
INSERT INTO `mendixsystem$attribute` (`id`, 
`entity_id`, 
`attribute_name`, 
`column_name`, 
`type`, 
`length`, 
`default_value`, 
`is_auto_number`)
 VALUES ('9ad40305-5f10-4746-8c03-dc9833cbdd0d', 
'40e075e0-7da7-43aa-a995-ff199f4c376f', 
'Latitude', 
'latitude', 
5, 
0, 
'0', 
FALSE);
INSERT INTO `mendixsystem$attribute` (`id`, 
`entity_id`, 
`attribute_name`, 
`column_name`, 
`type`, 
`length`, 
`default_value`, 
`is_auto_number`)
 VALUES ('e4ba285f-f656-4e69-9326-4904c471fc42', 
'40e075e0-7da7-43aa-a995-ff199f4c376f', 
'City', 
'city', 
30, 
200, 
'', 
FALSE);
INSERT INTO `mendixsystem$attribute` (`id`, 
`entity_id`, 
`attribute_name`, 
`column_name`, 
`type`, 
`length`, 
`default_value`, 
`is_auto_number`)
 VALUES ('3103d212-d451-4da0-a18d-aa7074303fce', 
'40e075e0-7da7-43aa-a995-ff199f4c376f', 
'HousenumberExtension', 
'housenumberextension', 
30, 
200, 
'', 
FALSE);
INSERT INTO `mendixsystem$attribute` (`id`, 
`entity_id`, 
`attribute_name`, 
`column_name`, 
`type`, 
`length`, 
`default_value`, 
`is_auto_number`)
 VALUES ('7a9f300f-ccdc-4349-b3f3-5d5e77a82725', 
'40e075e0-7da7-43aa-a995-ff199f4c376f', 
'Longitude', 
'longitude', 
5, 
0, 
'0', 
FALSE);
INSERT INTO `mendixsystem$attribute` (`id`, 
`entity_id`, 
`attribute_name`, 
`column_name`, 
`type`, 
`length`, 
`default_value`, 
`is_auto_number`)
 VALUES ('0da3cbce-aa03-46c4-919c-130ab5544f7b', 
'40e075e0-7da7-43aa-a995-ff199f4c376f', 
'Name', 
'name', 
30, 
0, 
'', 
FALSE);
INSERT INTO `mendixsystem$attribute` (`id`, 
`entity_id`, 
`attribute_name`, 
`column_name`, 
`type`, 
`length`, 
`default_value`, 
`is_auto_number`)
 VALUES ('3f18f35c-0f72-4d9f-8bf4-7fdc4bc5a66a', 
'40e075e0-7da7-43aa-a995-ff199f4c376f', 
'Housenumber', 
'housenumber', 
3, 
0, 
'', 
FALSE);
INSERT INTO `mendixsystem$attribute` (`id`, 
`entity_id`, 
`attribute_name`, 
`column_name`, 
`type`, 
`length`, 
`default_value`, 
`is_auto_number`)
 VALUES ('758af728-908c-4cd3-b7f8-7d4b43e0a5a0', 
'40e075e0-7da7-43aa-a995-ff199f4c376f', 
'phone', 
'phone', 
30, 
0, 
'', 
FALSE);
INSERT INTO `mendixsystem$attribute` (`id`, 
`entity_id`, 
`attribute_name`, 
`column_name`, 
`type`, 
`length`, 
`default_value`, 
`is_auto_number`)
 VALUES ('caf6ad05-1b63-4c23-82ba-3e488dd2a40f', 
'40e075e0-7da7-43aa-a995-ff199f4c376f', 
'Zipcode', 
'zipcode', 
30, 
200, 
'', 
FALSE);
INSERT INTO `mendixsystem$attribute` (`id`, 
`entity_id`, 
`attribute_name`, 
`column_name`, 
`type`, 
`length`, 
`default_value`, 
`is_auto_number`)
 VALUES ('492decf8-2f5d-4250-a691-7d59b2367c7b', 
'40e075e0-7da7-43aa-a995-ff199f4c376f', 
'Street', 
'street', 
30, 
200, 
'', 
FALSE);
INSERT INTO `mendixsystem$attribute` (`id`, 
`entity_id`, 
`attribute_name`, 
`column_name`, 
`type`, 
`length`, 
`default_value`, 
`is_auto_number`)
 VALUES ('ce652c40-e40f-4e2f-873b-dae028aefccf', 
'40e075e0-7da7-43aa-a995-ff199f4c376f', 
'Level', 
'level', 
40, 
6, 
'Junior', 
FALSE);
INSERT INTO `mendixsystem$attribute` (`id`, 
`entity_id`, 
`attribute_name`, 
`column_name`, 
`type`, 
`length`, 
`default_value`, 
`is_auto_number`)
 VALUES ('1098cc47-b50b-43a3-9e3f-f2819a101f4f', 
'40e075e0-7da7-43aa-a995-ff199f4c376f', 
'CountryCode', 
'countrycode', 
30, 
2, 
'', 
FALSE);
INSERT INTO `mendixsystem$attribute` (`id`, 
`entity_id`, 
`attribute_name`, 
`column_name`, 
`type`, 
`length`, 
`default_value`, 
`is_auto_number`)
 VALUES ('5ddfc166-98cc-478b-b6fa-be49dcbe87fc', 
'40e075e0-7da7-43aa-a995-ff199f4c376f', 
'email', 
'email', 
30, 
0, 
'', 
FALSE);
CREATE TABLE `mxmodelreflection$module` (
	`id` BIGINT NOT NULL,
	`synchronizeobjectswithinmodule` BOOL NULL,
	`modulename` NVARCHAR(200) NULL,
	PRIMARY KEY(`id`));
INSERT INTO `mendixsystem$entity` (`id`, 
`entity_name`, 
`table_name`)
 VALUES ('cb86f0bf-a03a-4978-887c-bde9ea247fea', 
'MxModelReflection.Module', 
'mxmodelreflection$module');
INSERT INTO `mendixsystem$attribute` (`id`, 
`entity_id`, 
`attribute_name`, 
`column_name`, 
`type`, 
`length`, 
`default_value`, 
`is_auto_number`)
 VALUES ('7b7a3f0e-1357-4abf-a09c-cfc66570856d', 
'cb86f0bf-a03a-4978-887c-bde9ea247fea', 
'SynchronizeObjectsWithinModule', 
'synchronizeobjectswithinmodule', 
10, 
0, 
'false', 
FALSE);
INSERT INTO `mendixsystem$attribute` (`id`, 
`entity_id`, 
`attribute_name`, 
`column_name`, 
`type`, 
`length`, 
`default_value`, 
`is_auto_number`)
 VALUES ('27d68614-6c27-4fd3-b88e-c4f3a9723831', 
'cb86f0bf-a03a-4978-887c-bde9ea247fea', 
'ModuleName', 
'modulename', 
30, 
200, 
'', 
FALSE);
CREATE TABLE `postalcodehousenumber$country` (
	`id` BIGINT NOT NULL,
	`alpha3code` NVARCHAR(3) NULL,
	`independent` BOOL NULL,
	`alpha2code` NVARCHAR(2) NULL,
	`numericcode` INT NULL,
	`name` NVARCHAR(200) NULL,
	PRIMARY KEY(`id`));
INSERT INTO `mendixsystem$entity` (`id`, 
`entity_name`, 
`table_name`)
 VALUES ('ab6163dd-1c39-419d-8303-32949c7c9e07', 
'PostalcodeHousenumber.country', 
'postalcodehousenumber$country');
INSERT INTO `mendixsystem$attribute` (`id`, 
`entity_id`, 
`attribute_name`, 
`column_name`, 
`type`, 
`length`, 
`default_value`, 
`is_auto_number`)
 VALUES ('cf31ed84-6c81-4ed9-baa9-50bb8aa10fa2', 
'ab6163dd-1c39-419d-8303-32949c7c9e07', 
'Alpha3code', 
'alpha3code', 
30, 
3, 
'', 
FALSE);
INSERT INTO `mendixsystem$attribute` (`id`, 
`entity_id`, 
`attribute_name`, 
`column_name`, 
`type`, 
`length`, 
`default_value`, 
`is_auto_number`)
 VALUES ('3acc448c-dbd1-48e6-a728-776299f50c6b', 
'ab6163dd-1c39-419d-8303-32949c7c9e07', 
'Independent', 
'independent', 
10, 
0, 
'true', 
FALSE);
INSERT INTO `mendixsystem$attribute` (`id`, 
`entity_id`, 
`attribute_name`, 
`column_name`, 
`type`, 
`length`, 
`default_value`, 
`is_auto_number`)
 VALUES ('6388738e-9a58-4c3e-9f95-c4c5b7f75420', 
'ab6163dd-1c39-419d-8303-32949c7c9e07', 
'Alpha2code', 
'alpha2code', 
30, 
2, 
'', 
FALSE);
INSERT INTO `mendixsystem$attribute` (`id`, 
`entity_id`, 
`attribute_name`, 
`column_name`, 
`type`, 
`length`, 
`default_value`, 
`is_auto_number`)
 VALUES ('6bb11744-d588-47f2-8909-a6ebb929c11a', 
'ab6163dd-1c39-419d-8303-32949c7c9e07', 
'Numericcode', 
'numericcode', 
3, 
0, 
'0', 
FALSE);
INSERT INTO `mendixsystem$attribute` (`id`, 
`entity_id`, 
`attribute_name`, 
`column_name`, 
`type`, 
`length`, 
`default_value`, 
`is_auto_number`)
 VALUES ('52059094-7cca-4355-95bd-74f9195dfb15', 
'ab6163dd-1c39-419d-8303-32949c7c9e07', 
'Name', 
'name', 
30, 
200, 
'', 
FALSE);
CREATE TABLE `postalcodehousenumber$country_passwordformat` (
	`postalcodehousenumber$countryid` BIGINT NOT NULL,
	`postalcodehousenumber$passwordformatid` BIGINT NOT NULL,
	PRIMARY KEY(`postalcodehousenumber$countryid`,`postalcodehousenumber$passwordformatid`),
	CONSTRAINT `uniq_postalcodehous$count_passwordfo_postalcodehous$passwordform` UNIQUE (`postalcodehousenumber$passwordformatid`),
	CONSTRAINT `uniq_postalcodehousen$countr_passwordfo_postalcodehousen$country` UNIQUE (`postalcodehousenumber$countryid`));
CREATE INDEX `idx_postalcodehousenumber$country_passwordformat` ON `postalcodehousenumber$country_passwordformat` (`postalcodehousenumber$passwordformatid`,`postalcodehousenumber$countryid`);
INSERT INTO `mendixsystem$association` (`id`, 
`association_name`, 
`table_name`, 
`parent_entity_id`, 
`child_entity_id`, 
`parent_column_name`, 
`child_column_name`, 
`index_name`)
 VALUES ('e9ba1a40-fdbe-444f-a6a7-d6a11c2c8bcf', 
'PostalcodeHousenumber.country_PasswordFormat', 
'postalcodehousenumber$country_passwordformat', 
'ab6163dd-1c39-419d-8303-32949c7c9e07', 
'a74eb59c-743e-4821-855b-b08cc7509622', 
'postalcodehousenumber$countryid', 
'postalcodehousenumber$passwordformatid', 
'idx_postalcodehousenumber$country_passwordformat');
INSERT INTO `mendixsystem$unique_constraint` (`name`, 
`table_id`, 
`column_id`)
 VALUES ('uniq_postalcodehous$count_passwordfo_postalcodehous$passwordform', 
'e9ba1a40-fdbe-444f-a6a7-d6a11c2c8bcf', 
'316dd404-777f-389f-8590-e1e34daababb');
INSERT INTO `mendixsystem$unique_constraint` (`name`, 
`table_id`, 
`column_id`)
 VALUES ('uniq_postalcodehousen$countr_passwordfo_postalcodehousen$country', 
'e9ba1a40-fdbe-444f-a6a7-d6a11c2c8bcf', 
'9e39cde2-f983-3bbc-988e-3c8e27dbb00a');
CREATE TABLE `system$privatefiledocument` (
	`id` BIGINT NOT NULL,
	PRIMARY KEY(`id`));
INSERT INTO `mendixsystem$entity` (`id`, 
`entity_name`, 
`table_name`, 
`superentity_id`)
 VALUES ('3b6f5ca3-28d6-4581-b26e-7ce5bd0e6eeb', 
'System.PrivateFileDocument', 
'system$privatefiledocument', 
'170ce49d-f29c-4fac-99a6-b55e8a3aeb39');
CREATE TABLE `system$userreportinfo` (
	`id` BIGINT NOT NULL,
	`hash` NVARCHAR(64) NULL,
	`usertype` NVARCHAR(8) NULL,
	PRIMARY KEY(`id`));
INSERT INTO `mendixsystem$entity` (`id`, 
`entity_name`, 
`table_name`)
 VALUES ('1c90a770-98ef-45df-9267-b87973cc6581', 
'System.UserReportInfo', 
'system$userreportinfo');
INSERT INTO `mendixsystem$attribute` (`id`, 
`entity_id`, 
`attribute_name`, 
`column_name`, 
`type`, 
`length`, 
`default_value`, 
`is_auto_number`)
 VALUES ('e959c75a-c655-45d8-8b7d-a4335dcbf581', 
'1c90a770-98ef-45df-9267-b87973cc6581', 
'Hash', 
'hash', 
30, 
64, 
'', 
FALSE);
INSERT INTO `mendixsystem$attribute` (`id`, 
`entity_id`, 
`attribute_name`, 
`column_name`, 
`type`, 
`length`, 
`default_value`, 
`is_auto_number`)
 VALUES ('d6f4a7fc-3c2d-4793-bfc0-8dde42937863', 
'1c90a770-98ef-45df-9267-b87973cc6581', 
'UserType', 
'usertype', 
40, 
8, 
'Internal', 
FALSE);
CREATE TABLE `system$userreportinfo_user` (
	`system$userreportinfoid` BIGINT NOT NULL,
	`system$userid` BIGINT NOT NULL,
	PRIMARY KEY(`system$userreportinfoid`,`system$userid`),
	CONSTRAINT `uniq_system$userreportinfo_user_system$userreportinfoid` UNIQUE (`system$userreportinfoid`));
CREATE INDEX `idx_system$userreportinfo_user_system$user_system$userreportinfo` ON `system$userreportinfo_user` (`system$userid`,`system$userreportinfoid`);
INSERT INTO `mendixsystem$association` (`id`, 
`association_name`, 
`table_name`, 
`parent_entity_id`, 
`child_entity_id`, 
`parent_column_name`, 
`child_column_name`, 
`index_name`)
 VALUES ('d88b344c-b1e5-4759-b60e-0348e63ac445', 
'System.UserReportInfo_User', 
'system$userreportinfo_user', 
'1c90a770-98ef-45df-9267-b87973cc6581', 
'282e2e60-88a5-469d-84a5-ba8d9151644f', 
'system$userreportinfoid', 
'system$userid', 
'idx_system$userreportinfo_user_system$user_system$userreportinfo');
INSERT INTO `mendixsystem$unique_constraint` (`name`, 
`table_id`, 
`column_id`)
 VALUES ('uniq_system$userreportinfo_user_system$userreportinfoid', 
'd88b344c-b1e5-4759-b60e-0348e63ac445', 
'677bda5e-706d-3d41-b007-247640ca3be1');
CREATE TABLE `postalcodehousenumber$province` (
	`id` BIGINT NOT NULL,
	`name` NVARCHAR(200) NULL,
	PRIMARY KEY(`id`));
INSERT INTO `mendixsystem$entity` (`id`, 
`entity_name`, 
`table_name`)
 VALUES ('a96c79e3-0466-4747-8433-86712c795b74', 
'PostalcodeHousenumber.province', 
'postalcodehousenumber$province');
INSERT INTO `mendixsystem$attribute` (`id`, 
`entity_id`, 
`attribute_name`, 
`column_name`, 
`type`, 
`length`, 
`default_value`, 
`is_auto_number`)
 VALUES ('97edef04-07ea-41b1-a6ee-d285e816b444', 
'a96c79e3-0466-4747-8433-86712c795b74', 
'Name', 
'name', 
30, 
200, 
'', 
FALSE);
CREATE TABLE `postalcodehousenumber$province_country` (
	`postalcodehousenumber$provinceid` BIGINT NOT NULL,
	`postalcodehousenumber$countryid` BIGINT NOT NULL,
	PRIMARY KEY(`postalcodehousenumber$provinceid`,`postalcodehousenumber$countryid`),
	CONSTRAINT `uniq_postalcodehousenu$provinc_countr_postalcodehousenu$province` UNIQUE (`postalcodehousenumber$provinceid`));
CREATE INDEX `idx_postalcodehousenumber$province_country` ON `postalcodehousenumber$province_country` (`postalcodehousenumber$countryid`,`postalcodehousenumber$provinceid`);
INSERT INTO `mendixsystem$association` (`id`, 
`association_name`, 
`table_name`, 
`parent_entity_id`, 
`child_entity_id`, 
`parent_column_name`, 
`child_column_name`, 
`index_name`)
 VALUES ('88bfeaea-4cdc-4e79-9c6b-bac74d4b900a', 
'PostalcodeHousenumber.Province_Country', 
'postalcodehousenumber$province_country', 
'a96c79e3-0466-4747-8433-86712c795b74', 
'ab6163dd-1c39-419d-8303-32949c7c9e07', 
'postalcodehousenumber$provinceid', 
'postalcodehousenumber$countryid', 
'idx_postalcodehousenumber$province_country');
INSERT INTO `mendixsystem$unique_constraint` (`name`, 
`table_id`, 
`column_id`)
 VALUES ('uniq_postalcodehousenu$provinc_countr_postalcodehousenu$province', 
'88bfeaea-4cdc-4e79-9c6b-bac74d4b900a', 
'175379ba-568e-36e7-ba9f-7e27b75065d4');
CREATE TABLE `flatfileinterface$importexportdocument` (
	`id` BIGINT NOT NULL,
	PRIMARY KEY(`id`));
INSERT INTO `mendixsystem$entity` (`id`, 
`entity_name`, 
`table_name`, 
`superentity_id`)
 VALUES ('e245ae8a-1b05-40d9-a5c2-e827920f20ec', 
'FlatFileInterface.ImportExportDocument', 
'flatfileinterface$importexportdocument', 
'170ce49d-f29c-4fac-99a6-b55e8a3aeb39');
CREATE TABLE `system$tokeninformation` (
	`id` BIGINT NOT NULL,
	`expirydate` DATETIME NULL,
	`useragent` LONGTEXT CHARSET utf8 NULL,
	`token` NVARCHAR(200) NULL,
	PRIMARY KEY(`id`));
INSERT INTO `mendixsystem$entity` (`id`, 
`entity_name`, 
`table_name`)
 VALUES ('09b2f0fe-4a11-4afc-a16e-94992a3ebc3d', 
'System.TokenInformation', 
'system$tokeninformation');
INSERT INTO `mendixsystem$attribute` (`id`, 
`entity_id`, 
`attribute_name`, 
`column_name`, 
`type`, 
`length`, 
`default_value`, 
`is_auto_number`)
 VALUES ('8bb77a0c-0461-43f9-bb27-e91fb9e3623f', 
'09b2f0fe-4a11-4afc-a16e-94992a3ebc3d', 
'ExpiryDate', 
'expirydate', 
20, 
0, 
'', 
FALSE);
INSERT INTO `mendixsystem$attribute` (`id`, 
`entity_id`, 
`attribute_name`, 
`column_name`, 
`type`, 
`length`, 
`default_value`, 
`is_auto_number`)
 VALUES ('0b9398e4-9bb7-4ab8-958c-43526f2c83bf', 
'09b2f0fe-4a11-4afc-a16e-94992a3ebc3d', 
'UserAgent', 
'useragent', 
30, 
0, 
'', 
FALSE);
INSERT INTO `mendixsystem$attribute` (`id`, 
`entity_id`, 
`attribute_name`, 
`column_name`, 
`type`, 
`length`, 
`default_value`, 
`is_auto_number`)
 VALUES ('a169a8d1-b10f-427b-b492-3aebeabb7cd6', 
'09b2f0fe-4a11-4afc-a16e-94992a3ebc3d', 
'Token', 
'token', 
30, 
200, 
'', 
FALSE);
CREATE TABLE `system$tokeninformation_user` (
	`system$tokeninformationid` BIGINT NOT NULL,
	`system$userid` BIGINT NOT NULL,
	PRIMARY KEY(`system$tokeninformationid`,`system$userid`),
	CONSTRAINT `uniq_system$tokeninformation_user_system$tokeninformationid` UNIQUE (`system$tokeninformationid`));
CREATE INDEX `idx_system$tokeninformation_user` ON `system$tokeninformation_user` (`system$userid`,`system$tokeninformationid`);
INSERT INTO `mendixsystem$association` (`id`, 
`association_name`, 
`table_name`, 
`parent_entity_id`, 
`child_entity_id`, 
`parent_column_name`, 
`child_column_name`, 
`index_name`)
 VALUES ('20ca86b2-5a00-4131-aee1-427cb2e94425', 
'System.TokenInformation_User', 
'system$tokeninformation_user', 
'09b2f0fe-4a11-4afc-a16e-94992a3ebc3d', 
'282e2e60-88a5-469d-84a5-ba8d9151644f', 
'system$tokeninformationid', 
'system$userid', 
'idx_system$tokeninformation_user');
INSERT INTO `mendixsystem$unique_constraint` (`name`, 
`table_id`, 
`column_id`)
 VALUES ('uniq_system$tokeninformation_user_system$tokeninformationid', 
'20ca86b2-5a00-4131-aee1-427cb2e94425', 
'4abdbc47-924f-3c57-9257-190d5521d13e');
CREATE TABLE `flatfileinterface$columndefinition` (
	`id` BIGINT NOT NULL,
	`mappedattribute` NVARCHAR(200) NULL,
	`entity` NVARCHAR(200) NULL,
	`length` INT NULL,
	`skipcolumn` BOOL NULL,
	`mappedtype` NVARCHAR(11) NULL,
	`columnnumber` INT NULL,
	`startposition` INT NULL,
	`endposition` INT NULL,
	`datetimeformat` NVARCHAR(200) NULL,
	`fixedlength` BOOL NULL,
	PRIMARY KEY(`id`));
INSERT INTO `mendixsystem$entity` (`id`, 
`entity_name`, 
`table_name`)
 VALUES ('12d70a69-0332-40ce-ac74-02590262a861', 
'FlatFileInterface.ColumnDefinition', 
'flatfileinterface$columndefinition');
INSERT INTO `mendixsystem$attribute` (`id`, 
`entity_id`, 
`attribute_name`, 
`column_name`, 
`type`, 
`length`, 
`default_value`, 
`is_auto_number`)
 VALUES ('ecbe786f-cdd0-4431-863c-bde8a3460ae4', 
'12d70a69-0332-40ce-ac74-02590262a861', 
'MappedAttribute', 
'mappedattribute', 
30, 
200, 
'', 
FALSE);
INSERT INTO `mendixsystem$attribute` (`id`, 
`entity_id`, 
`attribute_name`, 
`column_name`, 
`type`, 
`length`, 
`default_value`, 
`is_auto_number`)
 VALUES ('c7c4593d-eeb9-494e-9580-1d066981269b', 
'12d70a69-0332-40ce-ac74-02590262a861', 
'Entity', 
'entity', 
30, 
200, 
'', 
FALSE);
INSERT INTO `mendixsystem$attribute` (`id`, 
`entity_id`, 
`attribute_name`, 
`column_name`, 
`type`, 
`length`, 
`default_value`, 
`is_auto_number`)
 VALUES ('d3ebb603-9f91-4f37-9680-7431a58bd92a', 
'12d70a69-0332-40ce-ac74-02590262a861', 
'Length', 
'length', 
3, 
0, 
'0', 
FALSE);
INSERT INTO `mendixsystem$attribute` (`id`, 
`entity_id`, 
`attribute_name`, 
`column_name`, 
`type`, 
`length`, 
`default_value`, 
`is_auto_number`)
 VALUES ('2e3fd34c-d1a7-4077-9acc-5cbf448c4862', 
'12d70a69-0332-40ce-ac74-02590262a861', 
'SkipColumn', 
'skipcolumn', 
10, 
0, 
'false', 
FALSE);
INSERT INTO `mendixsystem$attribute` (`id`, 
`entity_id`, 
`attribute_name`, 
`column_name`, 
`type`, 
`length`, 
`default_value`, 
`is_auto_number`)
 VALUES ('b3a65e88-7cfd-49a0-ac1b-ccadb2540c38', 
'12d70a69-0332-40ce-ac74-02590262a861', 
'MappedType', 
'mappedtype', 
40, 
11, 
'', 
FALSE);
INSERT INTO `mendixsystem$attribute` (`id`, 
`entity_id`, 
`attribute_name`, 
`column_name`, 
`type`, 
`length`, 
`default_value`, 
`is_auto_number`)
 VALUES ('7e71667f-7221-4bb1-8fbf-356c6f5e48bd', 
'12d70a69-0332-40ce-ac74-02590262a861', 
'ColumnNumber', 
'columnnumber', 
3, 
0, 
'0', 
FALSE);
INSERT INTO `mendixsystem$attribute` (`id`, 
`entity_id`, 
`attribute_name`, 
`column_name`, 
`type`, 
`length`, 
`default_value`, 
`is_auto_number`)
 VALUES ('f0a3f483-2905-4908-971b-3e1a41cdfa81', 
'12d70a69-0332-40ce-ac74-02590262a861', 
'StartPosition', 
'startposition', 
3, 
0, 
'0', 
FALSE);
INSERT INTO `mendixsystem$attribute` (`id`, 
`entity_id`, 
`attribute_name`, 
`column_name`, 
`type`, 
`length`, 
`default_value`, 
`is_auto_number`)
 VALUES ('c091e574-568b-4128-b31f-205f86ab3013', 
'12d70a69-0332-40ce-ac74-02590262a861', 
'EndPosition', 
'endposition', 
3, 
0, 
'0', 
FALSE);
INSERT INTO `mendixsystem$attribute` (`id`, 
`entity_id`, 
`attribute_name`, 
`column_name`, 
`type`, 
`length`, 
`default_value`, 
`is_auto_number`)
 VALUES ('972e0de9-0462-4dd1-baed-94b401b16d15', 
'12d70a69-0332-40ce-ac74-02590262a861', 
'DateTimeFormat', 
'datetimeformat', 
30, 
200, 
'dd-MM-yyyy HH:mm:ss', 
FALSE);
INSERT INTO `mendixsystem$attribute` (`id`, 
`entity_id`, 
`attribute_name`, 
`column_name`, 
`type`, 
`length`, 
`default_value`, 
`is_auto_number`)
 VALUES ('1b2ad020-da55-45d8-b446-49b22f963f3d', 
'12d70a69-0332-40ce-ac74-02590262a861', 
'FixedLength', 
'fixedlength', 
10, 
0, 
'false', 
FALSE);
CREATE TABLE `flatfileinterface$columndefinition_mxobjectmember` (
	`flatfileinterface$columndefinitionid` BIGINT NOT NULL,
	`mxmodelreflection$mxobjectmemberid` BIGINT NOT NULL,
	PRIMARY KEY(`flatfileinterface$columndefinitionid`,`mxmodelreflection$mxobjectmemberid`),
	CONSTRAINT `uniq_flatfileint$columndefin_mxobjectme_flatfileint$columndefini` UNIQUE (`flatfileinterface$columndefinitionid`));
CREATE INDEX `idx_flatfileinterface$columndefinition_mxobjectmember` ON `flatfileinterface$columndefinition_mxobjectmember` (`mxmodelreflection$mxobjectmemberid`,`flatfileinterface$columndefinitionid`);
INSERT INTO `mendixsystem$association` (`id`, 
`association_name`, 
`table_name`, 
`parent_entity_id`, 
`child_entity_id`, 
`parent_column_name`, 
`child_column_name`, 
`index_name`)
 VALUES ('845bb1b6-e821-407a-a093-0b9dd45e6e59', 
'FlatFileInterface.ColumnDefinition_MxObjectMember', 
'flatfileinterface$columndefinition_mxobjectmember', 
'12d70a69-0332-40ce-ac74-02590262a861', 
'8c84bd49-c7a1-45a9-85a5-0965f94260ac', 
'flatfileinterface$columndefinitionid', 
'mxmodelreflection$mxobjectmemberid', 
'idx_flatfileinterface$columndefinition_mxobjectmember');
INSERT INTO `mendixsystem$unique_constraint` (`name`, 
`table_id`, 
`column_id`)
 VALUES ('uniq_flatfileint$columndefin_mxobjectme_flatfileint$columndefini', 
'845bb1b6-e821-407a-a093-0b9dd45e6e59', 
'3643e0ca-4ccb-3450-a566-822661c8d05f');
CREATE TABLE `flatfileinterface$tempcolumndefinition_interfacedefinition` (
	`flatfileinterface$columndefinitionid` BIGINT NOT NULL,
	`flatfileinterface$interfacedefinitionid` BIGINT NOT NULL,
	PRIMARY KEY(`flatfileinterface$columndefinitionid`,`flatfileinterface$interfacedefinitionid`),
	CONSTRAINT `uniq_flatfileint$tempcolumnde_interfacede_flatfileint$columndefi` UNIQUE (`flatfileinterface$columndefinitionid`));
CREATE INDEX `idx_flatfileinterface$tempcolumndefinition_interfacedefinition` ON `flatfileinterface$tempcolumndefinition_interfacedefinition` (`flatfileinterface$interfacedefinitionid`,`flatfileinterface$columndefinitionid`);
INSERT INTO `mendixsystem$association` (`id`, 
`association_name`, 
`table_name`, 
`parent_entity_id`, 
`child_entity_id`, 
`parent_column_name`, 
`child_column_name`, 
`index_name`)
 VALUES ('569e4db6-932e-43b8-96a5-ed2b2a9500cf', 
'FlatFileInterface.TempColumnDefinition_InterfaceDefinition', 
'flatfileinterface$tempcolumndefinition_interfacedefinition', 
'12d70a69-0332-40ce-ac74-02590262a861', 
'90e4de93-cab2-4129-ac86-828f072d9d66', 
'flatfileinterface$columndefinitionid', 
'flatfileinterface$interfacedefinitionid', 
'idx_flatfileinterface$tempcolumndefinition_interfacedefinition');
INSERT INTO `mendixsystem$unique_constraint` (`name`, 
`table_id`, 
`column_id`)
 VALUES ('uniq_flatfileint$tempcolumnde_interfacede_flatfileint$columndefi', 
'569e4db6-932e-43b8-96a5-ed2b2a9500cf', 
'ecc3bc59-6ad2-33b4-9dbd-c56c9a4cac87');
CREATE TABLE `flatfileinterface$logmessage` (
	`id` BIGINT NOT NULL,
	`logtoconsole` BOOL NULL,
	`createddate` DATETIME NULL,
	`message` LONGTEXT CHARSET utf8 NULL,
	`stacktrace` LONGTEXT CHARSET utf8 NULL,
	`messagetype` NVARCHAR(7) NULL,
	PRIMARY KEY(`id`));
INSERT INTO `mendixsystem$entity` (`id`, 
`entity_name`, 
`table_name`)
 VALUES ('4c79f40c-63b0-48cb-8f3e-ccf55b8fd594', 
'FlatFileInterface.LogMessage', 
'flatfileinterface$logmessage');
INSERT INTO `mendixsystem$attribute` (`id`, 
`entity_id`, 
`attribute_name`, 
`column_name`, 
`type`, 
`length`, 
`default_value`, 
`is_auto_number`)
 VALUES ('41b57c5b-6558-4bac-ba4e-9b77e9602f39', 
'4c79f40c-63b0-48cb-8f3e-ccf55b8fd594', 
'LogToConsole', 
'logtoconsole', 
10, 
0, 
'false', 
FALSE);
INSERT INTO `mendixsystem$attribute` (`id`, 
`entity_id`, 
`attribute_name`, 
`column_name`, 
`type`, 
`length`, 
`default_value`, 
`is_auto_number`)
 VALUES ('9a10fd05-7d57-3109-ac79-128c785608f2', 
'4c79f40c-63b0-48cb-8f3e-ccf55b8fd594', 
'createdDate', 
'createddate', 
20, 
0, 
'', 
FALSE);
INSERT INTO `mendixsystem$attribute` (`id`, 
`entity_id`, 
`attribute_name`, 
`column_name`, 
`type`, 
`length`, 
`default_value`, 
`is_auto_number`)
 VALUES ('eabb6e3a-faf4-4a04-b986-790f7b43c163', 
'4c79f40c-63b0-48cb-8f3e-ccf55b8fd594', 
'Message', 
'message', 
30, 
0, 
'', 
FALSE);
INSERT INTO `mendixsystem$attribute` (`id`, 
`entity_id`, 
`attribute_name`, 
`column_name`, 
`type`, 
`length`, 
`default_value`, 
`is_auto_number`)
 VALUES ('2b9acfeb-7c9d-4255-a287-fe210b8fcb0f', 
'4c79f40c-63b0-48cb-8f3e-ccf55b8fd594', 
'StackTrace', 
'stacktrace', 
30, 
0, 
'', 
FALSE);
INSERT INTO `mendixsystem$attribute` (`id`, 
`entity_id`, 
`attribute_name`, 
`column_name`, 
`type`, 
`length`, 
`default_value`, 
`is_auto_number`)
 VALUES ('e2ff29df-f67c-4f6f-9455-dc9dc2674e0e', 
'4c79f40c-63b0-48cb-8f3e-ccf55b8fd594', 
'MessageType', 
'messagetype', 
40, 
7, 
'', 
FALSE);
CREATE TABLE `flatfileinterface$logmessage_log` (
	`flatfileinterface$logmessageid` BIGINT NOT NULL,
	`flatfileinterface$logid` BIGINT NOT NULL,
	PRIMARY KEY(`flatfileinterface$logmessageid`,`flatfileinterface$logid`),
	CONSTRAINT `uniq_flatfileinterfa$logmessage_log_flatfileinterfa$logmessageid` UNIQUE (`flatfileinterface$logmessageid`));
CREATE INDEX `idx_flatfileinterface$logmessage_log` ON `flatfileinterface$logmessage_log` (`flatfileinterface$logid`,`flatfileinterface$logmessageid`);
INSERT INTO `mendixsystem$association` (`id`, 
`association_name`, 
`table_name`, 
`parent_entity_id`, 
`child_entity_id`, 
`parent_column_name`, 
`child_column_name`, 
`index_name`)
 VALUES ('da18844b-64a9-49cd-8343-aeccb96b4f29', 
'FlatFileInterface.LogMessage_Log', 
'flatfileinterface$logmessage_log', 
'4c79f40c-63b0-48cb-8f3e-ccf55b8fd594', 
'81b2aefd-664e-40a5-9eb9-c6eb8c5236a9', 
'flatfileinterface$logmessageid', 
'flatfileinterface$logid', 
'idx_flatfileinterface$logmessage_log');
INSERT INTO `mendixsystem$unique_constraint` (`name`, 
`table_id`, 
`column_id`)
 VALUES ('uniq_flatfileinterfa$logmessage_log_flatfileinterfa$logmessageid', 
'da18844b-64a9-49cd-8343-aeccb96b4f29', 
'ff35b192-7254-3b44-890b-ee58c4f91b51');
CREATE TABLE `system$language` (
	`id` BIGINT NOT NULL,
	`description` NVARCHAR(200) NULL,
	`code` NVARCHAR(20) NULL,
	PRIMARY KEY(`id`));
INSERT INTO `mendixsystem$entity` (`id`, 
`entity_name`, 
`table_name`)
 VALUES ('76805df3-dede-435f-92a6-d6525c68a693', 
'System.Language', 
'system$language');
INSERT INTO `mendixsystem$attribute` (`id`, 
`entity_id`, 
`attribute_name`, 
`column_name`, 
`type`, 
`length`, 
`default_value`, 
`is_auto_number`)
 VALUES ('d879cb38-5630-4fdf-9e39-f03da0aa8ede', 
'76805df3-dede-435f-92a6-d6525c68a693', 
'Description', 
'description', 
30, 
200, 
'', 
FALSE);
INSERT INTO `mendixsystem$attribute` (`id`, 
`entity_id`, 
`attribute_name`, 
`column_name`, 
`type`, 
`length`, 
`default_value`, 
`is_auto_number`)
 VALUES ('88390044-5b74-4e71-8b88-a6e4e91f6f2e', 
'76805df3-dede-435f-92a6-d6525c68a693', 
'Code', 
'code', 
30, 
20, 
'', 
FALSE);
CREATE TABLE `mxmodelreflection$mxobjecttype` (
	`id` BIGINT NOT NULL,
	`changeddate` DATETIME NULL,
	`createddate` DATETIME NULL,
	`persistencetype` NVARCHAR(14) NULL,
	`completename` NVARCHAR(200) NULL,
	`module` NVARCHAR(200) NULL,
	`name` NVARCHAR(200) NULL,
	`readablename` NVARCHAR(400) NULL,
	`system$changedby` BIGINT NULL,
	`system$owner` BIGINT NULL,
	PRIMARY KEY(`id`));
CREATE INDEX `idx_mxmodelreflection$mxobjecttype_system$changedby` ON `mxmodelreflection$mxobjecttype` (`system$changedby`,`id`);
CREATE INDEX `idx_mxmodelreflection$mxobjecttype_system$owner` ON `mxmodelreflection$mxobjecttype` (`system$owner`,`id`);
INSERT INTO `mendixsystem$entity` (`id`, 
`entity_name`, 
`table_name`)
 VALUES ('3a63aadf-1fcc-48d3-bc92-97409552c7a0', 
'MxModelReflection.MxObjectType', 
'mxmodelreflection$mxobjecttype');
INSERT INTO `mendixsystem$attribute` (`id`, 
`entity_id`, 
`attribute_name`, 
`column_name`, 
`type`, 
`length`, 
`default_value`, 
`is_auto_number`)
 VALUES ('3eef18d3-10db-3e57-924d-fd68e65319e0', 
'3a63aadf-1fcc-48d3-bc92-97409552c7a0', 
'changedDate', 
'changeddate', 
20, 
0, 
'', 
FALSE);
INSERT INTO `mendixsystem$attribute` (`id`, 
`entity_id`, 
`attribute_name`, 
`column_name`, 
`type`, 
`length`, 
`default_value`, 
`is_auto_number`)
 VALUES ('60d5f4f0-7cc8-3f35-9d44-cdfdb44721a0', 
'3a63aadf-1fcc-48d3-bc92-97409552c7a0', 
'createdDate', 
'createddate', 
20, 
0, 
'', 
FALSE);
INSERT INTO `mendixsystem$attribute` (`id`, 
`entity_id`, 
`attribute_name`, 
`column_name`, 
`type`, 
`length`, 
`default_value`, 
`is_auto_number`)
 VALUES ('26612cfb-9201-40be-b56f-13d5597caef5', 
'3a63aadf-1fcc-48d3-bc92-97409552c7a0', 
'PersistenceType', 
'persistencetype', 
40, 
14, 
'Persistable', 
FALSE);
INSERT INTO `mendixsystem$attribute` (`id`, 
`entity_id`, 
`attribute_name`, 
`column_name`, 
`type`, 
`length`, 
`default_value`, 
`is_auto_number`)
 VALUES ('e5cd4a5c-ae3c-45d3-a9f5-76aa6b056cd8', 
'3a63aadf-1fcc-48d3-bc92-97409552c7a0', 
'CompleteName', 
'completename', 
30, 
200, 
'', 
FALSE);
INSERT INTO `mendixsystem$attribute` (`id`, 
`entity_id`, 
`attribute_name`, 
`column_name`, 
`type`, 
`length`, 
`default_value`, 
`is_auto_number`)
 VALUES ('1a571b91-7385-4bcb-ab70-7f634159a143', 
'3a63aadf-1fcc-48d3-bc92-97409552c7a0', 
'Module', 
'module', 
30, 
200, 
'', 
FALSE);
INSERT INTO `mendixsystem$attribute` (`id`, 
`entity_id`, 
`attribute_name`, 
`column_name`, 
`type`, 
`length`, 
`default_value`, 
`is_auto_number`)
 VALUES ('2ef702e7-ee7c-4aaa-956f-1f294780d369', 
'3a63aadf-1fcc-48d3-bc92-97409552c7a0', 
'Name', 
'name', 
30, 
200, 
'', 
FALSE);
INSERT INTO `mendixsystem$attribute` (`id`, 
`entity_id`, 
`attribute_name`, 
`column_name`, 
`type`, 
`length`, 
`default_value`, 
`is_auto_number`)
 VALUES ('9a114d44-b8ac-4924-b87b-57ba6b799716', 
'3a63aadf-1fcc-48d3-bc92-97409552c7a0', 
'ReadableName', 
'readablename', 
30, 
400, 
'', 
FALSE);
INSERT INTO `mendixsystem$index` (`id`, 
`table_id`, 
`index_name`)
 VALUES ('d7fd11eb-457f-37c4-bf7a-9ca98aa77eaf', 
'3a63aadf-1fcc-48d3-bc92-97409552c7a0', 
'idx_mxmodelreflection$mxobjecttype_system$changedby');
INSERT INTO `mendixsystem$index_column` (`index_id`, 
`column_id`, 
`sort_order`, 
`ordinal`)
 VALUES ('d7fd11eb-457f-37c4-bf7a-9ca98aa77eaf', 
'3b6fa90e-d195-3e49-b106-bdcee910ae41', 
FALSE, 
0);
INSERT INTO `mendixsystem$index` (`id`, 
`table_id`, 
`index_name`)
 VALUES ('592c7e6d-3188-35f0-8b08-ef12ea875437', 
'3a63aadf-1fcc-48d3-bc92-97409552c7a0', 
'idx_mxmodelreflection$mxobjecttype_system$owner');
INSERT INTO `mendixsystem$index_column` (`index_id`, 
`column_id`, 
`sort_order`, 
`ordinal`)
 VALUES ('592c7e6d-3188-35f0-8b08-ef12ea875437', 
'6431891b-7e59-3cbb-8cf4-431219c4032d', 
FALSE, 
0);
INSERT INTO `mendixsystem$association` (`id`, 
`association_name`, 
`table_name`, 
`parent_entity_id`, 
`child_entity_id`, 
`parent_column_name`, 
`child_column_name`)
 VALUES ('3b6fa90e-d195-3e49-b106-bdcee910ae41', 
'System.changedBy', 
'system$changedby', 
'3a63aadf-1fcc-48d3-bc92-97409552c7a0', 
'282e2e60-88a5-469d-84a5-ba8d9151644f', 
'id', 
'system$changedby');
INSERT INTO `mendixsystem$association` (`id`, 
`association_name`, 
`table_name`, 
`parent_entity_id`, 
`child_entity_id`, 
`parent_column_name`, 
`child_column_name`)
 VALUES ('6431891b-7e59-3cbb-8cf4-431219c4032d', 
'System.owner', 
'system$owner', 
'3a63aadf-1fcc-48d3-bc92-97409552c7a0', 
'282e2e60-88a5-469d-84a5-ba8d9151644f', 
'id', 
'system$owner');
CREATE TABLE `mxmodelreflection$mxobjecttype_subclassof_mxobjecttype` (
	`mxmodelreflection$mxobjecttypeid1` BIGINT NOT NULL,
	`mxmodelreflection$mxobjecttypeid2` BIGINT NOT NULL,
	PRIMARY KEY(`mxmodelreflection$mxobjecttypeid1`,`mxmodelreflection$mxobjecttypeid2`));
CREATE INDEX `idx_mxmodelreflection$mxobjecttype_subclassof_mxobjecttype` ON `mxmodelreflection$mxobjecttype_subclassof_mxobjecttype` (`mxmodelreflection$mxobjecttypeid2`,`mxmodelreflection$mxobjecttypeid1`);
INSERT INTO `mendixsystem$association` (`id`, 
`association_name`, 
`table_name`, 
`parent_entity_id`, 
`child_entity_id`, 
`parent_column_name`, 
`child_column_name`, 
`index_name`)
 VALUES ('fb2e373d-790e-4e87-b474-4b22b473ff4d', 
'MxModelReflection.MxObjectType_SubClassOf_MxObjectType', 
'mxmodelreflection$mxobjecttype_subclassof_mxobjecttype', 
'3a63aadf-1fcc-48d3-bc92-97409552c7a0', 
'3a63aadf-1fcc-48d3-bc92-97409552c7a0', 
'mxmodelreflection$mxobjecttypeid1', 
'mxmodelreflection$mxobjecttypeid2', 
'idx_mxmodelreflection$mxobjecttype_subclassof_mxobjecttype');
CREATE TABLE `mxmodelreflection$mxobjecttype_module` (
	`mxmodelreflection$mxobjecttypeid` BIGINT NOT NULL,
	`mxmodelreflection$moduleid` BIGINT NOT NULL,
	PRIMARY KEY(`mxmodelreflection$mxobjecttypeid`,`mxmodelreflection$moduleid`),
	CONSTRAINT `uniq_mxmodelreflect$mxobjectty_module_mxmodelreflect$mxobjecttyp` UNIQUE (`mxmodelreflection$mxobjecttypeid`));
CREATE INDEX `idx_mxmodelreflection$mxobjecttype_module` ON `mxmodelreflection$mxobjecttype_module` (`mxmodelreflection$moduleid`,`mxmodelreflection$mxobjecttypeid`);
INSERT INTO `mendixsystem$association` (`id`, 
`association_name`, 
`table_name`, 
`parent_entity_id`, 
`child_entity_id`, 
`parent_column_name`, 
`child_column_name`, 
`index_name`)
 VALUES ('31fb2078-1b21-4765-bdef-42b1e7fb7657', 
'MxModelReflection.MxObjectType_Module', 
'mxmodelreflection$mxobjecttype_module', 
'3a63aadf-1fcc-48d3-bc92-97409552c7a0', 
'cb86f0bf-a03a-4978-887c-bde9ea247fea', 
'mxmodelreflection$mxobjecttypeid', 
'mxmodelreflection$moduleid', 
'idx_mxmodelreflection$mxobjecttype_module');
INSERT INTO `mendixsystem$unique_constraint` (`name`, 
`table_id`, 
`column_id`)
 VALUES ('uniq_mxmodelreflect$mxobjectty_module_mxmodelreflect$mxobjecttyp', 
'31fb2078-1b21-4765-bdef-42b1e7fb7657', 
'710f1add-b51c-39e8-959b-03cc95a5f1cf');
INSERT INTO `mendixsystem$version` (`versionnumber`, 
`lastsyncdate`, 
`preanalysismigrationversionnumber`)
 VALUES ('4.2', 
'20171204 17:13:15', 
'3.0.0');
